,acousticness,analysis_url,danceability,duration_ms,energy,id,instrumentalness,key,liveness,loudness,mode,speechiness,tempo,time_signature,track_href,type,uri,valence,name,artist
0,0.34,https://api.spotify.com/v1/audio-analysis/3iOwkEhzWPddMPOE006XWl,0.578,247013,0.813,3iOwkEhzWPddMPOE006XWl,7.81e-05,7,0.233,-5.336,1,0.0464,164.125,4,https://api.spotify.com/v1/tracks/3iOwkEhzWPddMPOE006XWl,audio_features,spotify:track:3iOwkEhzWPddMPOE006XWl,0.456,Ancrée à ton port - album 1,Fanny J
1,0.602,https://api.spotify.com/v1/audio-analysis/2WPMvWhUuIC4pV8njHJ788,0.828,210000,0.627,2WPMvWhUuIC4pV8njHJ788,4.59e-05,4,0.152,-6.968,0,0.0601,107.887,4,https://api.spotify.com/v1/tracks/2WPMvWhUuIC4pV8njHJ788,audio_features,spotify:track:2WPMvWhUuIC4pV8njHJ788,0.716,TATAMI,Roissy
2,0.0222,https://api.spotify.com/v1/audio-analysis/3JSz0qVzIkZyuHUJMjZKJf,0.586,275667,0.987,3JSz0qVzIkZyuHUJMjZKJf,0.024,4,0.192,-4.786,1,0.0558,131.044,4,https://api.spotify.com/v1/tracks/3JSz0qVzIkZyuHUJMjZKJf,audio_features,spotify:track:3JSz0qVzIkZyuHUJMjZKJf,0.767,Syé Bwa,Kassav'
3,0.00246,https://api.spotify.com/v1/audio-analysis/3iJqPCv5lbzagm7tA5WE5k,0.681,263040,0.905,3iJqPCv5lbzagm7tA5WE5k,0.000202,10,0.183,-4.851,0,0.0317,106.004,4,https://api.spotify.com/v1/tracks/3iJqPCv5lbzagm7tA5WE5k,audio_features,spotify:track:3iJqPCv5lbzagm7tA5WE5k,0.737,Difé soupapé,Kassav'
4,0.00647,https://api.spotify.com/v1/audio-analysis/31XrXbLZA7iMyZGUkZjuSG,0.806,319627,0.844,31XrXbLZA7iMyZGUkZjuSG,0.157,0,0.136,-6.744,1,0.052,138.716,4,https://api.spotify.com/v1/tracks/31XrXbLZA7iMyZGUkZjuSG,audio_features,spotify:track:31XrXbLZA7iMyZGUkZjuSG,0.932,Zouk La Sé Sél Médikaman Nou Ni,Kassav'
5,0.11,https://api.spotify.com/v1/audio-analysis/4CTxVKWwbAkHK7gZ2vmpqg,0.817,220147,0.913,4CTxVKWwbAkHK7gZ2vmpqg,0.0,1,0.468,-4.255,1,0.247,128.023,4,https://api.spotify.com/v1/tracks/4CTxVKWwbAkHK7gZ2vmpqg,audio_features,spotify:track:4CTxVKWwbAkHK7gZ2vmpqg,0.935,Bouger Bouger,Magic System
6,0.139,https://api.spotify.com/v1/audio-analysis/1aitzHqQx9bZxeOxkDXUSQ,0.673,308267,0.835,1aitzHqQx9bZxeOxkDXUSQ,0.0,10,0.308,-5.735,1,0.0901,191.828,4,https://api.spotify.com/v1/tracks/1aitzHqQx9bZxeOxkDXUSQ,audio_features,spotify:track:1aitzHqQx9bZxeOxkDXUSQ,0.772,Ayiti (Bang Bang),Carimi
7,0.00838,https://api.spotify.com/v1/audio-analysis/2317lsFtyEYBMTB0AsikQf,0.409,216243,0.664,2317lsFtyEYBMTB0AsikQf,0.0106,9,0.359,-7.15,0,0.039,85.007,4,https://api.spotify.com/v1/tracks/2317lsFtyEYBMTB0AsikQf,audio_features,spotify:track:2317lsFtyEYBMTB0AsikQf,0.29,This Is Love,Cappa
8,0.618,https://api.spotify.com/v1/audio-analysis/7EV70UYb2jxgbgyKmdxzqa,0.582,266133,0.283,7EV70UYb2jxgbgyKmdxzqa,1.84e-05,9,0.088,-13.269,0,0.0375,79.064,4,https://api.spotify.com/v1/tracks/7EV70UYb2jxgbgyKmdxzqa,audio_features,spotify:track:7EV70UYb2jxgbgyKmdxzqa,0.0662,Fall in Love,Barcelona
9,0.132,https://api.spotify.com/v1/audio-analysis/1zVhMuH7agsRe6XkljIY4U,0.439,250707,0.489,1zVhMuH7agsRe6XkljIY4U,0.000643,8,0.114,-6.286,1,0.0368,143.808,4,https://api.spotify.com/v1/tracks/1zVhMuH7agsRe6XkljIY4U,audio_features,spotify:track:1zVhMuH7agsRe6XkljIY4U,0.253,human,Christina Perri
10,0.827,https://api.spotify.com/v1/audio-analysis/1XFYs8doNArJcIdbUEMEDB,0.57,261160,0.278,1XFYs8doNArJcIdbUEMEDB,1.68e-05,1,0.11,-11.411,1,0.0295,146.944,4,https://api.spotify.com/v1/tracks/1XFYs8doNArJcIdbUEMEDB,audio_features,spotify:track:1XFYs8doNArJcIdbUEMEDB,0.271,Let It Go,James Bay
11,0.103,https://api.spotify.com/v1/audio-analysis/6NBSLW2eFDK7epF0I3zHCO,0.516,283320,0.309,6NBSLW2eFDK7epF0I3zHCO,0.346,5,0.0985,-10.866,0,0.0414,140.004,4,https://api.spotify.com/v1/tracks/6NBSLW2eFDK7epF0I3zHCO,audio_features,spotify:track:6NBSLW2eFDK7epF0I3zHCO,0.0735,Afterglow,Phaeleh
12,0.34,https://api.spotify.com/v1/audio-analysis/4HOlfvRvdYt3vxhw3r3r9R,0.592,597403,0.711,4HOlfvRvdYt3vxhw3r3r9R,0.73,9,0.102,-9.974,0,0.043,92.989,4,https://api.spotify.com/v1/tracks/4HOlfvRvdYt3vxhw3r3r9R,audio_features,spotify:track:4HOlfvRvdYt3vxhw3r3r9R,0.192,Monument,Röyksopp
13,0.708,https://api.spotify.com/v1/audio-analysis/3aauaXWRgwCMoykMbI0Jq1,0.717,185520,0.577,3aauaXWRgwCMoykMbI0Jq1,0.00428,8,0.0899,-5.436,1,0.0491,104.927,3,https://api.spotify.com/v1/tracks/3aauaXWRgwCMoykMbI0Jq1,audio_features,spotify:track:3aauaXWRgwCMoykMbI0Jq1,0.235,I Feel Like I'm Drowning,Two Feet
14,0.571,https://api.spotify.com/v1/audio-analysis/4NZrZgrRoR4GwR7flWOXRI,0.765,129600,0.327,4NZrZgrRoR4GwR7flWOXRI,0.0479,6,0.0787,-8.029,1,0.277,74.931,4,https://api.spotify.com/v1/tracks/4NZrZgrRoR4GwR7flWOXRI,audio_features,spotify:track:4NZrZgrRoR4GwR7flWOXRI,0.292,Go Fuck Yourself,Two Feet
15,0.894,https://api.spotify.com/v1/audio-analysis/58wyJLv6yH1La9NIZPl3ne,0.522,187932,0.128,58wyJLv6yH1La9NIZPl3ne,0.026,4,0.0941,-18.717,1,0.0357,109.986,4,https://api.spotify.com/v1/tracks/58wyJLv6yH1La9NIZPl3ne,audio_features,spotify:track:58wyJLv6yH1La9NIZPl3ne,0.124,Can We Kiss Forever?,Kina
16,0.513,https://api.spotify.com/v1/audio-analysis/1VJwtWR6z7SpZRwipI12be,0.689,190920,0.516,1VJwtWR6z7SpZRwipI12be,0.0,8,0.163,-5.857,1,0.0444,124.876,4,https://api.spotify.com/v1/tracks/1VJwtWR6z7SpZRwipI12be,audio_features,spotify:track:1VJwtWR6z7SpZRwipI12be,0.209,Candy,Doja Cat
17,0.0712,https://api.spotify.com/v1/audio-analysis/3PKSSRIXORdrBuCFRZuRWT,0.501,185000,0.664,3PKSSRIXORdrBuCFRZuRWT,6.77e-06,8,0.11,-4.798,1,0.12,139.921,4,https://api.spotify.com/v1/tracks/3PKSSRIXORdrBuCFRZuRWT,audio_features,spotify:track:3PKSSRIXORdrBuCFRZuRWT,0.204,Honey Whiskey,SATICA
18,0.401,https://api.spotify.com/v1/audio-analysis/57nReJa69S1lEJGYHLCKlx,0.684,228966,0.512,57nReJa69S1lEJGYHLCKlx,0.0,11,0.1,-7.232,0,0.0401,127.908,4,https://api.spotify.com/v1/tracks/57nReJa69S1lEJGYHLCKlx,audio_features,spotify:track:57nReJa69S1lEJGYHLCKlx,0.354,Lavender and Velvet,Alina Baraz
19,0.872,https://api.spotify.com/v1/audio-analysis/3qWZuhWi4lsHa7jUwhqfMr,0.802,195066,0.414,3qWZuhWi4lsHa7jUwhqfMr,0.0,7,0.0863,-10.635,1,0.0776,131.952,4,https://api.spotify.com/v1/tracks/3qWZuhWi4lsHa7jUwhqfMr,audio_features,spotify:track:3qWZuhWi4lsHa7jUwhqfMr,0.377,Can't Lie,Ali Gatie
20,0.0406,https://api.spotify.com/v1/audio-analysis/58yQNBzcmmQiBKCiKf9u1J,0.603,251000,0.72,58yQNBzcmmQiBKCiKf9u1J,0.000608,5,0.0635,-6.502,0,0.0455,177.993,4,https://api.spotify.com/v1/tracks/58yQNBzcmmQiBKCiKf9u1J,audio_features,spotify:track:58yQNBzcmmQiBKCiKf9u1J,0.791,Nou Ja Pri,Zouk Look
21,0.347,https://api.spotify.com/v1/audio-analysis/5qbEeUE293iaeFFwtecz5C,0.577,230817,0.558,5qbEeUE293iaeFFwtecz5C,0.000441,9,0.299,-13.506,1,0.0467,179.613,4,https://api.spotify.com/v1/tracks/5qbEeUE293iaeFFwtecz5C,audio_features,spotify:track:5qbEeUE293iaeFFwtecz5C,0.276,L'océan,Zouk Look
22,0.275,https://api.spotify.com/v1/audio-analysis/35Bc3TZQuFvXowycLSDRk5,0.595,241867,0.842,35Bc3TZQuFvXowycLSDRk5,7.65e-06,6,0.0647,-5.144,1,0.125,161.97,4,https://api.spotify.com/v1/tracks/35Bc3TZQuFvXowycLSDRk5,audio_features,spotify:track:35Bc3TZQuFvXowycLSDRk5,0.962,Pleure,Zouk Look
23,0.0763,https://api.spotify.com/v1/audio-analysis/4SV4fC3oDw9B1k2KuusdMW,0.612,272920,0.758,4SV4fC3oDw9B1k2KuusdMW,0.00175,11,0.121,-5.856,0,0.0467,166.083,4,https://api.spotify.com/v1/tracks/4SV4fC3oDw9B1k2KuusdMW,audio_features,spotify:track:4SV4fC3oDw9B1k2KuusdMW,0.575,Dézolé,Zouk Look
24,0.0175,https://api.spotify.com/v1/audio-analysis/3gbYKuTHnSokdN9gPXliSd,0.644,259527,0.798,3gbYKuTHnSokdN9gPXliSd,0.000281,6,0.122,-7.106,0,0.103,166.024,4,https://api.spotify.com/v1/tracks/3gbYKuTHnSokdN9gPXliSd,audio_features,spotify:track:3gbYKuTHnSokdN9gPXliSd,0.609,L'adultère,Zouk Look
25,0.0267,https://api.spotify.com/v1/audio-analysis/6RLtyq14d00K8vKOfcqKep,0.695,248683,0.581,6RLtyq14d00K8vKOfcqKep,0.0,8,0.193,-9.927,1,0.0465,92.787,4,https://api.spotify.com/v1/tracks/6RLtyq14d00K8vKOfcqKep,audio_features,spotify:track:6RLtyq14d00K8vKOfcqKep,0.59,Yo mèm,Zouk Look
26,0.012,https://api.spotify.com/v1/audio-analysis/3btIAN2xL0k9utdkOC53mk,0.677,281147,0.741,3btIAN2xL0k9utdkOC53mk,0.0158,7,0.0611,-6.647,1,0.0391,160.002,4,https://api.spotify.com/v1/tracks/3btIAN2xL0k9utdkOC53mk,audio_features,spotify:track:3btIAN2xL0k9utdkOC53mk,0.776,Tou Sa Nou Viv,Zouk Look
27,0.18,https://api.spotify.com/v1/audio-analysis/3Ga6eKrUFf12ouh9Yw3v2D,0.775,193456,0.679,3Ga6eKrUFf12ouh9Yw3v2D,7.26e-05,4,0.068,-4.985,0,0.135,166.008,4,https://api.spotify.com/v1/tracks/3Ga6eKrUFf12ouh9Yw3v2D,audio_features,spotify:track:3Ga6eKrUFf12ouh9Yw3v2D,0.619,Downtown,Anitta
28,0.0595,https://api.spotify.com/v1/audio-analysis/3yryPaYYsp2k2ExvHMJtYa,0.665,187941,0.542,3yryPaYYsp2k2ExvHMJtYa,0.579,10,0.137,-7.96,1,0.0516,169.998,4,https://api.spotify.com/v1/tracks/3yryPaYYsp2k2ExvHMJtYa,audio_features,spotify:track:3yryPaYYsp2k2ExvHMJtYa,0.253,Bosnian Sunset,DJ Kakah
29,0.663,https://api.spotify.com/v1/audio-analysis/28axGcu9he7YdQ0xwXIaC9,0.745,212308,0.571,28axGcu9he7YdQ0xwXIaC9,0.0,0,0.371,-8.951,1,0.26,129.934,4,https://api.spotify.com/v1/tracks/28axGcu9he7YdQ0xwXIaC9,audio_features,spotify:track:28axGcu9he7YdQ0xwXIaC9,0.319,No One - Kayge Calypso & DUNN Remix,Mothica
30,0.33,https://api.spotify.com/v1/audio-analysis/152lZdxL1OR0ZMW6KquMif,0.736,219080,0.449,152lZdxL1OR0ZMW6KquMif,0.000162,1,0.0898,-11.462,0,0.425,80.126,4,https://api.spotify.com/v1/tracks/152lZdxL1OR0ZMW6KquMif,audio_features,spotify:track:152lZdxL1OR0ZMW6KquMif,0.326,Location,Khalid
31,0.19,https://api.spotify.com/v1/audio-analysis/4suCGiykOyXNbeqB5xdPSQ,0.572,267080,0.338,4suCGiykOyXNbeqB5xdPSQ,0.011,9,0.0669,-13.814,0,0.153,149.734,4,https://api.spotify.com/v1/tracks/4suCGiykOyXNbeqB5xdPSQ,audio_features,spotify:track:4suCGiykOyXNbeqB5xdPSQ,0.238,Touch,Barcelona
32,0.0037,https://api.spotify.com/v1/audio-analysis/2uvs9vDLAi9lDMulerlqkB,0.781,298815,0.617,2uvs9vDLAi9lDMulerlqkB,0.195,5,0.0469,-11.075,0,0.0659,106.037,4,https://api.spotify.com/v1/tracks/2uvs9vDLAi9lDMulerlqkB,audio_features,spotify:track:2uvs9vDLAi9lDMulerlqkB,0.948,Misié kryé,Dyade
33,0.0485,https://api.spotify.com/v1/audio-analysis/07C7nlqoVH2l2TEEgvoTrm,0.733,245653,0.841,07C7nlqoVH2l2TEEgvoTrm,0.0295,1,0.107,-6.956,1,0.0427,100.408,4,https://api.spotify.com/v1/tracks/07C7nlqoVH2l2TEEgvoTrm,audio_features,spotify:track:07C7nlqoVH2l2TEEgvoTrm,0.897,Mise au point,Harry Diboula
34,0.0114,https://api.spotify.com/v1/audio-analysis/2tjdUXAQO53oMqpRoA4bwP,0.744,267693,0.787,2tjdUXAQO53oMqpRoA4bwP,0.00227,8,0.0925,-6.587,0,0.0561,99.97,4,https://api.spotify.com/v1/tracks/2tjdUXAQO53oMqpRoA4bwP,audio_features,spotify:track:2tjdUXAQO53oMqpRoA4bwP,0.599,Tu me manques,Harry Diboula
35,0.37,https://api.spotify.com/v1/audio-analysis/5t8iXsaWLMjejs04moNgLQ,0.791,281600,0.768,5t8iXsaWLMjejs04moNgLQ,0.0838,10,0.113,-13.372,1,0.0446,99.337,4,https://api.spotify.com/v1/tracks/5t8iXsaWLMjejs04moNgLQ,audio_features,spotify:track:5t8iXsaWLMjejs04moNgLQ,0.917,Parfum L'anmou,Phil Control
36,0.0354,https://api.spotify.com/v1/audio-analysis/4pxWHYCJmFm9LqRCEphSZm,0.711,298533,0.837,4pxWHYCJmFm9LqRCEphSZm,0.211,5,0.179,-7.412,0,0.0372,93.964,4,https://api.spotify.com/v1/tracks/4pxWHYCJmFm9LqRCEphSZm,audio_features,spotify:track:4pxWHYCJmFm9LqRCEphSZm,0.805,Téléphoné mwen,Phil Control
37,0.00385,https://api.spotify.com/v1/audio-analysis/7t9bOWXwrJ68rWCHkO2OYs,0.608,252280,0.928,7t9bOWXwrJ68rWCHkO2OYs,0.0916,7,0.0664,-6.023,1,0.0368,92.484,4,https://api.spotify.com/v1/tracks/7t9bOWXwrJ68rWCHkO2OYs,audio_features,spotify:track:7t9bOWXwrJ68rWCHkO2OYs,0.573,Viens,Phil Control
38,0.0793,https://api.spotify.com/v1/audio-analysis/1jJHNciKfegEO3KIpIpx68,0.7,275013,0.863,1jJHNciKfegEO3KIpIpx68,0.438,0,0.115,-5.946,0,0.0343,93.057,4,https://api.spotify.com/v1/tracks/1jJHNciKfegEO3KIpIpx68,audio_features,spotify:track:1jJHNciKfegEO3KIpIpx68,0.722,J'ai besoin de vous,Phil Control
39,0.0978,https://api.spotify.com/v1/audio-analysis/6LkgF7dsHoDUuMqZBRgb16,0.589,291080,0.799,6LkgF7dsHoDUuMqZBRgb16,5.79e-06,7,0.0775,-7.357,0,0.118,215.826,4,https://api.spotify.com/v1/tracks/6LkgF7dsHoDUuMqZBRgb16,audio_features,spotify:track:6LkgF7dsHoDUuMqZBRgb16,0.637,Au summum,113
40,0.354,https://api.spotify.com/v1/audio-analysis/7y95KJIQzhg2HzFUAldqzp,0.561,246520,0.481,7y95KJIQzhg2HzFUAldqzp,0.0,2,0.0915,-6.823,0,0.2,80.324,4,https://api.spotify.com/v1/tracks/7y95KJIQzhg2HzFUAldqzp,audio_features,spotify:track:7y95KJIQzhg2HzFUAldqzp,0.33,Jour de paix,113
41,0.0944,https://api.spotify.com/v1/audio-analysis/6CjD2D3xpG3zcDuJZ7aEIV,0.776,246853,0.882,6CjD2D3xpG3zcDuJZ7aEIV,0.0,2,0.0536,-4.963,0,0.132,101.975,4,https://api.spotify.com/v1/tracks/6CjD2D3xpG3zcDuJZ7aEIV,audio_features,spotify:track:6CjD2D3xpG3zcDuJZ7aEIV,0.819,Partir loin,113
42,0.0219,https://api.spotify.com/v1/audio-analysis/6hthN5x3TL1uTx4M3OZ67E,0.821,209200,0.976,6hthN5x3TL1uTx4M3OZ67E,1.72e-06,6,0.626,-2.633,1,0.104,127.98,4,https://api.spotify.com/v1/tracks/6hthN5x3TL1uTx4M3OZ67E,audio_features,spotify:track:6hthN5x3TL1uTx4M3OZ67E,0.9,Un Gaou à Oran,113
43,0.214,https://api.spotify.com/v1/audio-analysis/4VrW3g2g5l44rBPiJ4qdD5,0.664,252387,0.864,4VrW3g2g5l44rBPiJ4qdD5,0.0,5,0.279,-5.132,1,0.128,148.995,4,https://api.spotify.com/v1/tracks/4VrW3g2g5l44rBPiJ4qdD5,audio_features,spotify:track:4VrW3g2g5l44rBPiJ4qdD5,0.352,On pense à vous (feat. Amel Bent),113
44,0.199,https://api.spotify.com/v1/audio-analysis/6IcbgeWU1XyH2c8Gr1ktxT,0.84,206387,0.86,6IcbgeWU1XyH2c8Gr1ktxT,0.0,11,0.117,-2.539,0,0.24,119.98,4,https://api.spotify.com/v1/tracks/6IcbgeWU1XyH2c8Gr1ktxT,audio_features,spotify:track:6IcbgeWU1XyH2c8Gr1ktxT,0.762,We be hot (feat. Flavor Flav & Wealstarr),113
45,0.778,https://api.spotify.com/v1/audio-analysis/09Y8yvUwUHgm326gJsnQAY,0.731,334387,0.598,09Y8yvUwUHgm326gJsnQAY,0.0,4,0.219,-4.679,0,0.0485,111.095,4,https://api.spotify.com/v1/tracks/09Y8yvUwUHgm326gJsnQAY,audio_features,spotify:track:09Y8yvUwUHgm326gJsnQAY,0.576,Adam Et Eve,Abd Al Malik
46,0.24,https://api.spotify.com/v1/audio-analysis/2IYKINIlzE2DdKOvx7R0DE,0.701,330167,0.781,2IYKINIlzE2DdKOvx7R0DE,1.34e-06,7,0.0689,-5.649,1,0.0418,164.031,4,https://api.spotify.com/v1/tracks/2IYKINIlzE2DdKOvx7R0DE,audio_features,spotify:track:2IYKINIlzE2DdKOvx7R0DE,0.911,You're Beautiful,J-BEATZ
47,0.162,https://api.spotify.com/v1/audio-analysis/6Qyaqz6XoK6ln2gVGHUs2L,0.605,300362,0.862,6Qyaqz6XoK6ln2gVGHUs2L,0.00658,6,0.0724,-6.268,1,0.0393,169.282,4,https://api.spotify.com/v1/tracks/6Qyaqz6XoK6ln2gVGHUs2L,audio_features,spotify:track:6Qyaqz6XoK6ln2gVGHUs2L,0.864,AvÈ'w M'poze (feat. Flav),J-BEATZ
48,0.175,https://api.spotify.com/v1/audio-analysis/5GWa4wqQ6DGQc5xlzbEahA,0.685,333085,0.639,5GWa4wqQ6DGQc5xlzbEahA,1.91e-06,11,0.376,-5.503,1,0.0489,172.012,4,https://api.spotify.com/v1/tracks/5GWa4wqQ6DGQc5xlzbEahA,audio_features,spotify:track:5GWa4wqQ6DGQc5xlzbEahA,0.648,Pa Dim Bye Bye (feat. Nia),J-BEATZ
49,0.112,https://api.spotify.com/v1/audio-analysis/5cqR1ohXIx1lj1OiOc1VOI,0.792,303930,0.815,5cqR1ohXIx1lj1OiOc1VOI,0.0,2,0.351,-5.393,1,0.0434,115.821,4,https://api.spotify.com/v1/tracks/5cqR1ohXIx1lj1OiOc1VOI,audio_features,spotify:track:5cqR1ohXIx1lj1OiOc1VOI,0.717,Favorite Girl (feat. Prince Bobby),J-BEATZ
50,0.61,https://api.spotify.com/v1/audio-analysis/2cwF9wD4jhP7wqFQwJhYzf,0.748,283771,0.819,2cwF9wD4jhP7wqFQwJhYzf,0.0241,5,0.258,-5.564,1,0.0415,160.05,4,https://api.spotify.com/v1/tracks/2cwF9wD4jhP7wqFQwJhYzf,audio_features,spotify:track:2cwF9wD4jhP7wqFQwJhYzf,0.913,1 More Day,J-BEATZ
51,0.162,https://api.spotify.com/v1/audio-analysis/4nOE62zRcYHtji85Brrcbw,0.694,311717,0.883,4nOE62zRcYHtji85Brrcbw,5.51e-05,9,0.307,-5.373,1,0.0445,164.013,4,https://api.spotify.com/v1/tracks/4nOE62zRcYHtji85Brrcbw,audio_features,spotify:track:4nOE62zRcYHtji85Brrcbw,0.784,An'n FÈ Yon BÈl Vi (feat. Prince Bobby),J-BEATZ
52,0.174,https://api.spotify.com/v1/audio-analysis/1Xx5SfiEt3l2gbaefrZfZL,0.811,240868,0.808,1Xx5SfiEt3l2gbaefrZfZL,0.0,5,0.155,-3.975,0,0.081,160.047,4,https://api.spotify.com/v1/tracks/1Xx5SfiEt3l2gbaefrZfZL,audio_features,spotify:track:1Xx5SfiEt3l2gbaefrZfZL,0.878,Take My Hand (feat. Phatboi & Kino Ray Ramone),J-BEATZ
53,0.0984,https://api.spotify.com/v1/audio-analysis/0Pfsjbknx0O36IH8zJJp6g,0.753,236800,0.509,0Pfsjbknx0O36IH8zJJp6g,0.668,7,0.307,-5.094,1,0.049,149.985,4,https://api.spotify.com/v1/tracks/0Pfsjbknx0O36IH8zJJp6g,audio_features,spotify:track:0Pfsjbknx0O36IH8zJJp6g,0.066,Safe Place,DJ Kakah
54,0.109,https://api.spotify.com/v1/audio-analysis/1aTskiw4dc5wrXPBHWFiu6,0.577,217037,0.489,1aTskiw4dc5wrXPBHWFiu6,0.0,8,0.303,-9.752,1,0.0932,169.888,4,https://api.spotify.com/v1/tracks/1aTskiw4dc5wrXPBHWFiu6,audio_features,spotify:track:1aTskiw4dc5wrXPBHWFiu6,0.387,Don't Be Afraid,Dru
55,0.417,https://api.spotify.com/v1/audio-analysis/0CiRnuzUmOlm2rPxRTD2nY,0.449,509427,0.468,0CiRnuzUmOlm2rPxRTD2nY,0.00115,10,0.06,-6.81,0,0.033,139.913,4,https://api.spotify.com/v1/tracks/0CiRnuzUmOlm2rPxRTD2nY,audio_features,spotify:track:0CiRnuzUmOlm2rPxRTD2nY,0.325,Tell Me,Usher
56,0.613,https://api.spotify.com/v1/audio-analysis/2IYfvQSAJXSclAI6CMGqp1,0.668,199092,0.572,2IYfvQSAJXSclAI6CMGqp1,2.1e-06,8,0.104,-7.05,1,0.208,169.833,4,https://api.spotify.com/v1/tracks/2IYfvQSAJXSclAI6CMGqp1,audio_features,spotify:track:2IYfvQSAJXSclAI6CMGqp1,0.181,Picoloco,A.D.Z
57,0.488,https://api.spotify.com/v1/audio-analysis/6VuRReHAtN9yaGCg2elk0Y,0.392,429236,0.315,6VuRReHAtN9yaGCg2elk0Y,0.0,0,0.127,-10.371,1,0.0383,126.243,4,https://api.spotify.com/v1/tracks/6VuRReHAtN9yaGCg2elk0Y,audio_features,spotify:track:6VuRReHAtN9yaGCg2elk0Y,0.253,Spirit Bird,Xavier Rudd
58,0.23,https://api.spotify.com/v1/audio-analysis/5saWOAcdIdmERJqSujSxUa,0.44,193667,0.57,5saWOAcdIdmERJqSujSxUa,0.000153,9,0.111,-7.009,1,0.0408,90.013,4,https://api.spotify.com/v1/tracks/5saWOAcdIdmERJqSujSxUa,audio_features,spotify:track:5saWOAcdIdmERJqSujSxUa,0.244,Missing You,Anthony Keyrouz
59,0.206,https://api.spotify.com/v1/audio-analysis/1XUMUjJEyTZc3uoc41IJoR,0.72,199853,0.633,1XUMUjJEyTZc3uoc41IJoR,0.000284,1,0.372,-5.536,1,0.067,140.402,4,https://api.spotify.com/v1/tracks/1XUMUjJEyTZc3uoc41IJoR,audio_features,spotify:track:1XUMUjJEyTZc3uoc41IJoR,0.402,Synchronized,Ilkay Sencan
60,0.053,https://api.spotify.com/v1/audio-analysis/3GTes8tWU3OzonlsWM9yVX,0.601,258941,0.535,3GTes8tWU3OzonlsWM9yVX,0.0,1,0.103,-7.41,1,0.0639,176.029,4,https://api.spotify.com/v1/tracks/3GTes8tWU3OzonlsWM9yVX,audio_features,spotify:track:3GTes8tWU3OzonlsWM9yVX,0.214,Touch Me - Remix,Mel
61,0.285,https://api.spotify.com/v1/audio-analysis/5I8LJDfTW1drczaIQlklp4,0.746,223992,0.458,5I8LJDfTW1drczaIQlklp4,0.000252,6,0.0632,-7.369,0,0.0895,139.856,4,https://api.spotify.com/v1/tracks/5I8LJDfTW1drczaIQlklp4,audio_features,spotify:track:5I8LJDfTW1drczaIQlklp4,0.318,Leave You (feat. Randy Wisky),Lola Jane
62,0.0858,https://api.spotify.com/v1/audio-analysis/1OjmLuc3Kf34WcEAasCjsO,0.377,222000,0.334,1OjmLuc3Kf34WcEAasCjsO,0.00182,8,0.0756,-10.833,0,0.0757,80.521,4,https://api.spotify.com/v1/tracks/1OjmLuc3Kf34WcEAasCjsO,audio_features,spotify:track:1OjmLuc3Kf34WcEAasCjsO,0.0919,"Middle of Things, Beautiful Wife (feat. Xavier Omär))",Sango
63,0.0362,https://api.spotify.com/v1/audio-analysis/1eohzgRScljJioDNrw7h9L,0.727,283116,0.621,1eohzgRScljJioDNrw7h9L,0.0,3,0.257,-6.954,0,0.114,156.029,4,https://api.spotify.com/v1/tracks/1eohzgRScljJioDNrw7h9L,audio_features,spotify:track:1eohzgRScljJioDNrw7h9L,0.937,Breathe,Mickey Blue
64,0.399,https://api.spotify.com/v1/audio-analysis/5XDGDI8HY4rl2FcrdN535D,0.639,225467,0.548,5XDGDI8HY4rl2FcrdN535D,0.0188,7,0.145,-9.294,1,0.0301,82.02,4,https://api.spotify.com/v1/tracks/5XDGDI8HY4rl2FcrdN535D,audio_features,spotify:track:5XDGDI8HY4rl2FcrdN535D,0.503,Jamais te laisser,Koud Pouss
65,0.0144,https://api.spotify.com/v1/audio-analysis/515FmMcpyED6wCTImIEir8,0.712,285653,0.845,515FmMcpyED6wCTImIEir8,0.00553,9,0.0603,-6.942,1,0.035,99.977,4,https://api.spotify.com/v1/tracks/515FmMcpyED6wCTImIEir8,audio_features,spotify:track:515FmMcpyED6wCTImIEir8,0.708,Mi Tche Mwen,Patrick Saint-Eloi
66,0.101,https://api.spotify.com/v1/audio-analysis/1GiZNcxg8aIDp4b79AD1iZ,0.563,281748,0.844,1GiZNcxg8aIDp4b79AD1iZ,3.92e-05,7,0.0921,-6.924,0,0.0393,175.928,4,https://api.spotify.com/v1/tracks/1GiZNcxg8aIDp4b79AD1iZ,audio_features,spotify:track:1GiZNcxg8aIDp4b79AD1iZ,0.75,Enseparab,T-Vice
67,0.365,https://api.spotify.com/v1/audio-analysis/5RvED3NaFaXNDEhoJh5Cv2,0.703,308000,0.626,5RvED3NaFaXNDEhoJh5Cv2,0.0449,4,0.294,-12.243,0,0.0364,93.648,4,https://api.spotify.com/v1/tracks/5RvED3NaFaXNDEhoJh5Cv2,audio_features,spotify:track:5RvED3NaFaXNDEhoJh5Cv2,0.515,Lè Nap Fè Lanmou,Mizik Mizik
68,0.0879,https://api.spotify.com/v1/audio-analysis/7sJYquSlj8cSMqFtk3A8FJ,0.784,286840,0.665,7sJYquSlj8cSMqFtk3A8FJ,0.00308,8,0.0658,-8.863,1,0.0807,100.718,4,https://api.spotify.com/v1/tracks/7sJYquSlj8cSMqFtk3A8FJ,audio_features,spotify:track:7sJYquSlj8cSMqFtk3A8FJ,0.786,Flanm,Emeline Michel
69,0.407,https://api.spotify.com/v1/audio-analysis/30KGqhmb7aNFU765J7yp7t,0.742,305667,0.632,30KGqhmb7aNFU765J7yp7t,6.83e-05,0,0.119,-6.699,1,0.033,96.004,4,https://api.spotify.com/v1/tracks/30KGqhmb7aNFU765J7yp7t,audio_features,spotify:track:30KGqhmb7aNFU765J7yp7t,0.85,Love,Haitian Troubadours
70,0.0533,https://api.spotify.com/v1/audio-analysis/5jkT6NNJx8ZuyyqnTbLfW2,0.79,258345,0.781,5jkT6NNJx8ZuyyqnTbLfW2,0.192,11,0.036,-8.683,1,0.0552,100.187,4,https://api.spotify.com/v1/tracks/5jkT6NNJx8ZuyyqnTbLfW2,audio_features,spotify:track:5jkT6NNJx8ZuyyqnTbLfW2,0.838,Lessé Mwen Zouké,Meteorz'
71,0.507,https://api.spotify.com/v1/audio-analysis/02RpRGFZrEJsUWAqL8DD9o,0.809,337946,0.788,02RpRGFZrEJsUWAqL8DD9o,0.0946,8,0.0862,-6.711,1,0.045,96.429,4,https://api.spotify.com/v1/tracks/02RpRGFZrEJsUWAqL8DD9o,audio_features,spotify:track:02RpRGFZrEJsUWAqL8DD9o,0.889,Len Mou Raid,Battery Cremil
72,0.307,https://api.spotify.com/v1/audio-analysis/26xdAlDjAsXcAyQQ5guS62,0.766,392200,0.563,26xdAlDjAsXcAyQQ5guS62,0.33,1,0.35,-11.878,0,0.0905,96.598,4,https://api.spotify.com/v1/tracks/26xdAlDjAsXcAyQQ5guS62,audio_features,spotify:track:26xdAlDjAsXcAyQQ5guS62,0.69,Chèché mwen,Frederick Caracas
73,0.0309,https://api.spotify.com/v1/audio-analysis/0QCOAR3Z7Rb9vhe8Dyvt5W,0.719,301600,0.721,0QCOAR3Z7Rb9vhe8Dyvt5W,0.003,2,0.107,-7.885,0,0.0373,102.386,4,https://api.spotify.com/v1/tracks/0QCOAR3Z7Rb9vhe8Dyvt5W,audio_features,spotify:track:0QCOAR3Z7Rb9vhe8Dyvt5W,0.854,L'anmou a bel epiw,Souskay
74,0.341,https://api.spotify.com/v1/audio-analysis/19dYzAErrQ7acYkdDyX8p4,0.747,296973,0.838,19dYzAErrQ7acYkdDyX8p4,0.288,5,0.063,-8.04,1,0.0329,101.993,4,https://api.spotify.com/v1/tracks/19dYzAErrQ7acYkdDyX8p4,audio_features,spotify:track:19dYzAErrQ7acYkdDyX8p4,0.878,A Dé,J.M. Harmony
75,0.117,https://api.spotify.com/v1/audio-analysis/4dyWdO8sP07dPRYcK8r256,0.732,207920,0.579,4dyWdO8sP07dPRYcK8r256,0.000485,9,0.072,-13.64,0,0.036,92.017,4,https://api.spotify.com/v1/tracks/4dyWdO8sP07dPRYcK8r256,audio_features,spotify:track:4dyWdO8sP07dPRYcK8r256,0.895,Kontretan,Frédéric Losio
76,0.356,https://api.spotify.com/v1/audio-analysis/1UGtOilzIrcpLMMpre7ACQ,0.731,289800,0.718,1UGtOilzIrcpLMMpre7ACQ,0.0196,0,0.0387,-8.075,1,0.0517,95.499,4,https://api.spotify.com/v1/tracks/1UGtOilzIrcpLMMpre7ACQ,audio_features,spotify:track:1UGtOilzIrcpLMMpre7ACQ,0.762,An Karess Sincè,J.M. Harmony
77,0.0258,https://api.spotify.com/v1/audio-analysis/3DRqvGWkwuXVJGCrGuquMf,0.77,238280,0.916,3DRqvGWkwuXVJGCrGuquMf,6.87e-06,0,0.12,-6.604,1,0.0452,98.011,4,https://api.spotify.com/v1/tracks/3DRqvGWkwuXVJGCrGuquMf,audio_features,spotify:track:3DRqvGWkwuXVJGCrGuquMf,0.947,Pawol Gran Moun,Jocelyne Beroard
78,0.402,https://api.spotify.com/v1/audio-analysis/2E1LVeUE22erDMMqtK1pjP,0.785,219216,0.701,2E1LVeUE22erDMMqtK1pjP,0.000607,11,0.115,-7.128,0,0.202,92.976,4,https://api.spotify.com/v1/tracks/2E1LVeUE22erDMMqtK1pjP,audio_features,spotify:track:2E1LVeUE22erDMMqtK1pjP,0.777,Nha Baby,Nelson Freitas
79,0.216,https://api.spotify.com/v1/audio-analysis/7CCBbmU8korbjMtUHw1F6m,0.705,224053,0.699,7CCBbmU8korbjMtUHw1F6m,0.0,2,0.144,-3.908,0,0.194,180.07,4,https://api.spotify.com/v1/tracks/7CCBbmU8korbjMtUHw1F6m,audio_features,spotify:track:7CCBbmU8korbjMtUHw1F6m,0.806,Leçons particulières,Slaï
80,0.474,https://api.spotify.com/v1/audio-analysis/349l9u1TKPevTDZiiTh2bU,0.711,278194,0.831,349l9u1TKPevTDZiiTh2bU,1.01e-06,1,0.168,-6.136,1,0.0366,91.022,4,https://api.spotify.com/v1/tracks/349l9u1TKPevTDZiiTh2bU,audio_features,spotify:track:349l9u1TKPevTDZiiTh2bU,0.708,Santiman Pa Dyaman,K-Zino
81,0.398,https://api.spotify.com/v1/audio-analysis/75k9NQ8tBNGS6DY8Ll7lAA,0.602,253295,0.808,75k9NQ8tBNGS6DY8Ll7lAA,0.000248,7,0.373,-6.052,0,0.0346,170.02,4,https://api.spotify.com/v1/tracks/75k9NQ8tBNGS6DY8Ll7lAA,audio_features,spotify:track:75k9NQ8tBNGS6DY8Ll7lAA,0.656,M'ap Ba Ou L' (feat. 5 Lan),K-Zino
82,0.383,https://api.spotify.com/v1/audio-analysis/3MWW1I5I9wNAluMWppvzZG,0.579,226659,0.793,3MWW1I5I9wNAluMWppvzZG,1.17e-05,5,0.265,-5.683,1,0.0419,176.057,4,https://api.spotify.com/v1/tracks/3MWW1I5I9wNAluMWppvzZG,audio_features,spotify:track:3MWW1I5I9wNAluMWppvzZG,0.495,Bèl Deyès,K-Zino
83,0.116,https://api.spotify.com/v1/audio-analysis/5v4iLhEIDFb88K4SIW8Ttb,0.618,310547,0.705,5v4iLhEIDFb88K4SIW8Ttb,2.64e-05,5,0.209,-6.575,1,0.0329,168.017,4,https://api.spotify.com/v1/tracks/5v4iLhEIDFb88K4SIW8Ttb,audio_features,spotify:track:5v4iLhEIDFb88K4SIW8Ttb,0.749,I Miss My Ex,Zenglen
84,0.0848,https://api.spotify.com/v1/audio-analysis/2naYk2xUhQh0e51KKBYY3h,0.661,285973,0.773,2naYk2xUhQh0e51KKBYY3h,1.97e-06,9,0.0466,-6.793,1,0.0564,176.009,4,https://api.spotify.com/v1/tracks/2naYk2xUhQh0e51KKBYY3h,audio_features,spotify:track:2naYk2xUhQh0e51KKBYY3h,0.607,Fanm sa mové,Carimi
85,0.592,https://api.spotify.com/v1/audio-analysis/4tLvQ6fvnsWB6BGusXS03n,0.758,341347,0.641,4tLvQ6fvnsWB6BGusXS03n,0.0,4,0.138,-8.423,0,0.0435,77.995,4,https://api.spotify.com/v1/tracks/4tLvQ6fvnsWB6BGusXS03n,audio_features,spotify:track:4tLvQ6fvnsWB6BGusXS03n,0.572,Se Pa Pou dat,Alan Cavé
86,0.0262,https://api.spotify.com/v1/audio-analysis/1qDTGSCyDD6LxQF3WsnDvh,0.762,336360,0.571,1qDTGSCyDD6LxQF3WsnDvh,0.00155,6,0.232,-15.635,1,0.0416,110.25,4,https://api.spotify.com/v1/tracks/1qDTGSCyDD6LxQF3WsnDvh,audio_features,spotify:track:1qDTGSCyDD6LxQF3WsnDvh,0.907,Ole Ole,Lakol
87,0.0515,https://api.spotify.com/v1/audio-analysis/2Qke1gxW4HyDqLHEwI7a3r,0.775,354467,0.637,2Qke1gxW4HyDqLHEwI7a3r,0.00396,2,0.16,-9.715,1,0.0366,103.512,4,https://api.spotify.com/v1/tracks/2Qke1gxW4HyDqLHEwI7a3r,audio_features,spotify:track:2Qke1gxW4HyDqLHEwI7a3r,0.419,Fèm Volé,Zin
88,0.18,https://api.spotify.com/v1/audio-analysis/6bqLE3Gwym6sw6s3iILtSk,0.619,307493,0.809,6bqLE3Gwym6sw6s3iILtSk,1.33e-06,2,0.148,-3.73,0,0.0443,171.985,4,https://api.spotify.com/v1/tracks/6bqLE3Gwym6sw6s3iILtSk,audio_features,spotify:track:6bqLE3Gwym6sw6s3iILtSk,0.601,Ma Cherie Je T'aime,T-Vice
89,0.169,https://api.spotify.com/v1/audio-analysis/2fkjbNdK8LDom6z5O2bc2U,0.887,305547,0.845,2fkjbNdK8LDom6z5O2bc2U,0.0348,9,0.0524,-7.002,1,0.0439,104.67,4,https://api.spotify.com/v1/tracks/2fkjbNdK8LDom6z5O2bc2U,audio_features,spotify:track:2fkjbNdK8LDom6z5O2bc2U,0.896,O-Pa,Zin
90,0.0971,https://api.spotify.com/v1/audio-analysis/5Lbwdw9KPDQw6dK1od3o1D,0.745,291707,0.649,5Lbwdw9KPDQw6dK1od3o1D,0.412,11,0.0527,-14.972,1,0.0378,105.276,4,https://api.spotify.com/v1/tracks/5Lbwdw9KPDQw6dK1od3o1D,audio_features,spotify:track:5Lbwdw9KPDQw6dK1od3o1D,0.889,Siwel Lan Wel Ou,Lakol
91,0.0159,https://api.spotify.com/v1/audio-analysis/3IJCSQoLF4YzPAKaxq2JLb,0.74,217679,0.546,3IJCSQoLF4YzPAKaxq2JLb,8.41e-05,7,0.209,-5.674,0,0.0498,130.028,4,https://api.spotify.com/v1/tracks/3IJCSQoLF4YzPAKaxq2JLb,audio_features,spotify:track:3IJCSQoLF4YzPAKaxq2JLb,0.375,Yoga,Janelle Monáe
92,0.016,https://api.spotify.com/v1/audio-analysis/3DfIQJULYY97h8mUtzewve,0.607,242000,0.731,3DfIQJULYY97h8mUtzewve,1.74e-06,7,0.124,-4.94,0,0.0393,128.052,4,https://api.spotify.com/v1/tracks/3DfIQJULYY97h8mUtzewve,audio_features,spotify:track:3DfIQJULYY97h8mUtzewve,0.173,Wait,NF
93,0.039,https://api.spotify.com/v1/audio-analysis/6drkiwEGR70Is2VmQytpKg,0.56,206303,0.581,6drkiwEGR70Is2VmQytpKg,0.0,11,0.101,-4.444,0,0.0423,142.054,4,https://api.spotify.com/v1/tracks/6drkiwEGR70Is2VmQytpKg,audio_features,spotify:track:6drkiwEGR70Is2VmQytpKg,0.337,What I Did for Love (feat. Emeli Sandé) - TEEMID Remix,David Guetta
94,0.0324,https://api.spotify.com/v1/audio-analysis/75ISn7VvgJwNH3h6eDYLYp,0.692,276560,0.736,75ISn7VvgJwNH3h6eDYLYp,0.0,1,0.0787,-5.109,1,0.11,73.987,4,https://api.spotify.com/v1/tracks/75ISn7VvgJwNH3h6eDYLYp,audio_features,spotify:track:75ISn7VvgJwNH3h6eDYLYp,0.217,Deuces (feat. Tyga & Kevin McCall),Chris Brown
95,0.343,https://api.spotify.com/v1/audio-analysis/7fHRQodFsqbY0wDcKjTFHs,0.596,258542,0.833,7fHRQodFsqbY0wDcKjTFHs,0.00526,6,0.231,-7.814,1,0.0369,143.931,4,https://api.spotify.com/v1/tracks/7fHRQodFsqbY0wDcKjTFHs,audio_features,spotify:track:7fHRQodFsqbY0wDcKjTFHs,0.54,Incomplete,The Electric Barbarellas
96,0.036,https://api.spotify.com/v1/audio-analysis/2jc6LBrZxryG9fJYcfzsSR,0.749,238080,0.682,2jc6LBrZxryG9fJYcfzsSR,0.205,0,0.113,-5.048,1,0.0588,125.008,4,https://api.spotify.com/v1/tracks/2jc6LBrZxryG9fJYcfzsSR,audio_features,spotify:track:2jc6LBrZxryG9fJYcfzsSR,0.605,Faded - Odesza Remix,ZHU
97,0.00356,https://api.spotify.com/v1/audio-analysis/6s135n74YtqWoVuZwP5xse,0.542,187734,0.534,6s135n74YtqWoVuZwP5xse,0.0,4,0.291,-6.582,0,0.0379,128.02,4,https://api.spotify.com/v1/tracks/6s135n74YtqWoVuZwP5xse,audio_features,spotify:track:6s135n74YtqWoVuZwP5xse,0.09,Lucifer,XOV
98,0.0609,https://api.spotify.com/v1/audio-analysis/1fis7STbySlQ6kjZClLyC8,0.669,238263,0.844,1fis7STbySlQ6kjZClLyC8,0.00304,4,0.222,-6.553,0,0.0447,86.972,4,https://api.spotify.com/v1/tracks/1fis7STbySlQ6kjZClLyC8,audio_features,spotify:track:1fis7STbySlQ6kjZClLyC8,0.846,Vontade de Amor,Paulo Mac
99,0.541,https://api.spotify.com/v1/audio-analysis/3zBBgJOyATAudTntFaP8sZ,0.567,208427,0.707,3zBBgJOyATAudTntFaP8sZ,0.000176,8,0.1,-5.455,0,0.0818,171.916,4,https://api.spotify.com/v1/tracks/3zBBgJOyATAudTntFaP8sZ,audio_features,spotify:track:3zBBgJOyATAudTntFaP8sZ,0.751,Te Amo,Rihanna
100,0.0878,https://api.spotify.com/v1/audio-analysis/11lQIJsB0Nb4nQ2OwjiYqx,0.642,272827,0.523,11lQIJsB0Nb4nQ2OwjiYqx,0.000312,6,0.329,-7.324,0,0.0604,167.941,4,https://api.spotify.com/v1/tracks/11lQIJsB0Nb4nQ2OwjiYqx,audio_features,spotify:track:11lQIJsB0Nb4nQ2OwjiYqx,0.368,Something Going On,Kaysha
101,0.124,https://api.spotify.com/v1/audio-analysis/04DVjOz2ZESRTZJ0oEUsxF,0.638,242840,0.833,04DVjOz2ZESRTZJ0oEUsxF,4.58e-05,6,0.0859,-4.72,0,0.108,175.943,4,https://api.spotify.com/v1/tracks/04DVjOz2ZESRTZJ0oEUsxF,audio_features,spotify:track:04DVjOz2ZESRTZJ0oEUsxF,0.841,Saia Branca,Nelson Freitas
102,0.219,https://api.spotify.com/v1/audio-analysis/2TIbylZ2AxriSWIbklOohA,0.583,256480,0.706,2TIbylZ2AxriSWIbklOohA,3.57e-05,3,0.166,-7.198,0,0.131,173.903,4,https://api.spotify.com/v1/tracks/2TIbylZ2AxriSWIbklOohA,audio_features,spotify:track:2TIbylZ2AxriSWIbklOohA,0.538,Tentação,Gama
103,0.147,https://api.spotify.com/v1/audio-analysis/41RaEHhEQKly59pk7TVNhT,0.651,271209,0.868,41RaEHhEQKly59pk7TVNhT,0.0615,5,0.117,-7.783,1,0.0332,163.952,4,https://api.spotify.com/v1/tracks/41RaEHhEQKly59pk7TVNhT,audio_features,spotify:track:41RaEHhEQKly59pk7TVNhT,0.765,I Wish,Nelson Freitas
104,0.128,https://api.spotify.com/v1/audio-analysis/7A1B6unpdICQAbACSiORb4,0.652,269400,0.867,7A1B6unpdICQAbACSiORb4,0.0818,5,0.132,-7.613,1,0.0329,163.939,4,https://api.spotify.com/v1/tracks/7A1B6unpdICQAbACSiORb4,audio_features,spotify:track:7A1B6unpdICQAbACSiORb4,0.769,I Wish (feat. Nelson Freitas),Mark G and The Heavy Hitters
105,0.192,https://api.spotify.com/v1/audio-analysis/5J0S5UgpCwlmEagrqgzvoC,0.612,230667,0.738,5J0S5UgpCwlmEagrqgzvoC,0.0,0,0.0779,-6.648,1,0.0479,81.327,4,https://api.spotify.com/v1/tracks/5J0S5UgpCwlmEagrqgzvoC,audio_features,spotify:track:5J0S5UgpCwlmEagrqgzvoC,0.883,Wake Me up Before You Go-Go,Wham!
106,0.0605,https://api.spotify.com/v1/audio-analysis/1H5tvpoApNDxvxDexoaAUo,0.869,198400,0.887,1H5tvpoApNDxvxDexoaAUo,0.0,0,0.148,-4.505,1,0.0993,129.221,4,https://api.spotify.com/v1/tracks/1H5tvpoApNDxvxDexoaAUo,audio_features,spotify:track:1H5tvpoApNDxvxDexoaAUo,0.784,Who Let The Dogs Out,Baha Men
107,0.0262,https://api.spotify.com/v1/audio-analysis/0FutrWIUM5Mg3434asiwkp,0.695,212400,0.976,0FutrWIUM5Mg3434asiwkp,2.41e-05,8,0.182,-6.982,1,0.0428,113.357,4,https://api.spotify.com/v1/tracks/0FutrWIUM5Mg3434asiwkp,audio_features,spotify:track:0FutrWIUM5Mg3434asiwkp,0.937,Never Gonna Give You Up,Rick Astley
108,0.00456,https://api.spotify.com/v1/audio-analysis/1B75hgRqe7A4fwee3g3Wmu,0.867,257360,0.517,1B75hgRqe7A4fwee3g3Wmu,0.000339,11,0.0864,-13.222,0,0.0875,133.148,4,https://api.spotify.com/v1/tracks/1B75hgRqe7A4fwee3g3Wmu,audio_features,spotify:track:1B75hgRqe7A4fwee3g3Wmu,0.866,U Can't Touch This,MC Hammer
109,0.0519,https://api.spotify.com/v1/audio-analysis/76QJgXPE3oc1cnkE4PFHEn,0.702,205533,0.933,76QJgXPE3oc1cnkE4PFHEn,0.000128,2,0.151,-11.876,1,0.0491,115.115,4,https://api.spotify.com/v1/tracks/76QJgXPE3oc1cnkE4PFHEn,audio_features,spotify:track:76QJgXPE3oc1cnkE4PFHEn,0.896,Together Forever,Rick Astley
110,0.0883,https://api.spotify.com/v1/audio-analysis/4kxOMXF9aVjztdBVM12gbn,0.722,229165,0.961,4kxOMXF9aVjztdBVM12gbn,0.61,9,0.278,-4.812,1,0.0514,126.113,4,https://api.spotify.com/v1/tracks/4kxOMXF9aVjztdBVM12gbn,audio_features,spotify:track:4kxOMXF9aVjztdBVM12gbn,0.91,Venus,Bananarama
111,0.246,https://api.spotify.com/v1/audio-analysis/2Up1xJloI7LjHdmxLriTMJ,0.787,211410,0.92,2Up1xJloI7LjHdmxLriTMJ,9.82e-06,0,0.178,-5.328,1,0.0914,117.565,4,https://api.spotify.com/v1/tracks/2Up1xJloI7LjHdmxLriTMJ,audio_features,spotify:track:2Up1xJloI7LjHdmxLriTMJ,0.661,Love in the First Degree,Bananarama
112,0.334,https://api.spotify.com/v1/audio-analysis/1SJtlNRJDeYHioymcvsqev,0.334,216391,0.617,1SJtlNRJDeYHioymcvsqev,0.0,6,0.163,-5.834,0,0.383,85.227,4,https://api.spotify.com/v1/tracks/1SJtlNRJDeYHioymcvsqev,audio_features,spotify:track:1SJtlNRJDeYHioymcvsqev,0.603,Crying in the Club,Camila Cabello
113,0.532,https://api.spotify.com/v1/audio-analysis/101TaHCVkpOMmlQNjPKRQ5,0.328,240173,0.498,101TaHCVkpOMmlQNjPKRQ5,7.94e-05,4,0.117,-10.898,0,0.126,175.918,4,https://api.spotify.com/v1/tracks/101TaHCVkpOMmlQNjPKRQ5,audio_features,spotify:track:101TaHCVkpOMmlQNjPKRQ5,0.36,Don't Judge Me,Chris Brown
114,0.019,https://api.spotify.com/v1/audio-analysis/3pMVlQLrftCAcz138bSQKF,0.776,186985,0.484,3pMVlQLrftCAcz138bSQKF,0.000311,6,0.0611,-7.751,0,0.0631,158.005,4,https://api.spotify.com/v1/tracks/3pMVlQLrftCAcz138bSQKF,audio_features,spotify:track:3pMVlQLrftCAcz138bSQKF,0.348,Feel It Still - Lido Remix,Portugal. The Man
115,0.0695,https://api.spotify.com/v1/audio-analysis/50zjDlDFgYbwpK9OBkoXFW,0.54,196225,0.776,50zjDlDFgYbwpK9OBkoXFW,0.0,7,0.286,-5.527,0,0.19,89.98,4,https://api.spotify.com/v1/tracks/50zjDlDFgYbwpK9OBkoXFW,audio_features,spotify:track:50zjDlDFgYbwpK9OBkoXFW,0.651,Pink Lemonade,Louis Mattrs
116,0.594,https://api.spotify.com/v1/audio-analysis/0g3mziWGH7OP6lZvKq7Xpi,0.59,214373,0.436,0g3mziWGH7OP6lZvKq7Xpi,0.00375,3,0.107,-7.322,1,0.215,146.864,4,https://api.spotify.com/v1/tracks/0g3mziWGH7OP6lZvKq7Xpi,audio_features,spotify:track:0g3mziWGH7OP6lZvKq7Xpi,0.222,Blades,FARR
117,0.535,https://api.spotify.com/v1/audio-analysis/1wjzFQodRWrPcQ0AnYnvQ9,0.752,197437,0.505,1wjzFQodRWrPcQ0AnYnvQ9,2.55e-06,9,0.104,-7.621,1,0.253,91.97,4,https://api.spotify.com/v1/tracks/1wjzFQodRWrPcQ0AnYnvQ9,audio_features,spotify:track:1wjzFQodRWrPcQ0AnYnvQ9,0.419,I Like Me Better,Lauv
118,0.741,https://api.spotify.com/v1/audio-analysis/722eRY6JToA3l58HTiP64U,0.534,184816,0.293,722eRY6JToA3l58HTiP64U,0.0,9,0.114,-11.823,0,0.222,78.585,4,https://api.spotify.com/v1/tracks/722eRY6JToA3l58HTiP64U,audio_features,spotify:track:722eRY6JToA3l58HTiP64U,0.26,Location,Olivia Escuyos
119,0.124,https://api.spotify.com/v1/audio-analysis/4mepBi4WGEPu3KtkPfmyEy,0.571,234666,0.872,4mepBi4WGEPu3KtkPfmyEy,4.37e-05,5,0.0433,-3.913,1,0.0444,172.002,4,https://api.spotify.com/v1/tracks/4mepBi4WGEPu3KtkPfmyEy,audio_features,spotify:track:4mepBi4WGEPu3KtkPfmyEy,0.708,Ou se yon melodi,Rutshelle Guillaume
120,0.0615,https://api.spotify.com/v1/audio-analysis/5rFzrvKJn749NHqsdQlN9o,0.674,335027,0.693,5rFzrvKJn749NHqsdQlN9o,0.00725,0,0.0617,-7.724,1,0.0368,84.001,4,https://api.spotify.com/v1/tracks/5rFzrvKJn749NHqsdQlN9o,audio_features,spotify:track:5rFzrvKJn749NHqsdQlN9o,0.59,Avew,Daan Junior
121,0.222,https://api.spotify.com/v1/audio-analysis/7HRVCfIaGGqUtOpVTB3MWI,0.603,331872,0.74,7HRVCfIaGGqUtOpVTB3MWI,0.0,9,0.149,-4.705,0,0.0389,168.017,4,https://api.spotify.com/v1/tracks/7HRVCfIaGGqUtOpVTB3MWI,audio_features,spotify:track:7HRVCfIaGGqUtOpVTB3MWI,0.645,Simplicité,Harmonik
122,0.209,https://api.spotify.com/v1/audio-analysis/1tx7TlQK80d8YKx4WcZbO8,0.553,264147,0.804,1tx7TlQK80d8YKx4WcZbO8,2.23e-05,0,0.156,-5.692,1,0.0411,172.001,4,https://api.spotify.com/v1/tracks/1tx7TlQK80d8YKx4WcZbO8,audio_features,spotify:track:1tx7TlQK80d8YKx4WcZbO8,0.595,Je l'aime,Fanny J
123,0.346,https://api.spotify.com/v1/audio-analysis/0iGkRoudiByXaDvuakB18Q,0.668,372485,0.782,0iGkRoudiByXaDvuakB18Q,2.3e-06,2,0.0731,-4.887,0,0.0305,163.988,4,https://api.spotify.com/v1/tracks/0iGkRoudiByXaDvuakB18Q,audio_features,spotify:track:0iGkRoudiByXaDvuakB18Q,0.677,Incroyable,Harmonik
124,0.0214,https://api.spotify.com/v1/audio-analysis/6g5RSwKEjeFPv9hbrIzje3,0.739,301087,0.46,6g5RSwKEjeFPv9hbrIzje3,2.12e-05,7,0.14,-15.214,1,0.0416,88.002,4,https://api.spotify.com/v1/tracks/6g5RSwKEjeFPv9hbrIzje3,audio_features,spotify:track:6g5RSwKEjeFPv9hbrIzje3,0.825,Vini'm pale w,Black Parents
125,0.478,https://api.spotify.com/v1/audio-analysis/5tLLnxk53HxTkZXo23jzxD,0.692,292362,0.569,5tLLnxk53HxTkZXo23jzxD,0.00175,5,0.0909,-11.447,1,0.0523,161.938,4,https://api.spotify.com/v1/tracks/5tLLnxk53HxTkZXo23jzxD,audio_features,spotify:track:5tLLnxk53HxTkZXo23jzxD,0.73,Je l'aime à mourir,Jackito
126,0.09,https://api.spotify.com/v1/audio-analysis/0uK2d3mNUFE2iSLWBEE138,0.572,194787,0.752,0uK2d3mNUFE2iSLWBEE138,0.000311,6,0.0943,-3.962,0,0.295,160.268,5,https://api.spotify.com/v1/tracks/0uK2d3mNUFE2iSLWBEE138,audio_features,spotify:track:0uK2d3mNUFE2iSLWBEE138,0.965,Personally,P-Square
127,0.175,https://api.spotify.com/v1/audio-analysis/06sYBhXjzVvv818nOUMyDU,0.929,193320,0.821,06sYBhXjzVvv818nOUMyDU,1.45e-05,8,0.0891,-2.886,1,0.0921,118.044,4,https://api.spotify.com/v1/tracks/06sYBhXjzVvv818nOUMyDU,audio_features,spotify:track:06sYBhXjzVvv818nOUMyDU,0.748,Kotch,RDX
128,0.0372,https://api.spotify.com/v1/audio-analysis/02oEsDGI2yAH8mffONoMfl,0.731,220292,0.929,02oEsDGI2yAH8mffONoMfl,0.0,11,0.329,-4.773,0,0.0569,121.01,4,https://api.spotify.com/v1/tracks/02oEsDGI2yAH8mffONoMfl,audio_features,spotify:track:02oEsDGI2yAH8mffONoMfl,0.93,Lovumba,Daddy Yankee
129,0.231,https://api.spotify.com/v1/audio-analysis/2KyeRuRvBxIzmUHM7ETkOf,0.878,243133,0.578,2KyeRuRvBxIzmUHM7ETkOf,0.0,0,0.0821,-7.572,1,0.0467,105.987,4,https://api.spotify.com/v1/tracks/2KyeRuRvBxIzmUHM7ETkOf,audio_features,spotify:track:2KyeRuRvBxIzmUHM7ETkOf,0.961,Tempted to Touch,Rupee
130,0.0657,https://api.spotify.com/v1/audio-analysis/4XwZl1uHX2HPb8in1eu6hb,0.568,176640,0.759,4XwZl1uHX2HPb8in1eu6hb,0.0,2,0.153,-6.007,0,0.44,180.517,4,https://api.spotify.com/v1/tracks/4XwZl1uHX2HPb8in1eu6hb,audio_features,spotify:track:4XwZl1uHX2HPb8in1eu6hb,0.789,So Mi Like It - Remix,Busta Rhymes
131,0.174,https://api.spotify.com/v1/audio-analysis/7hezVPTsmm6yW3algVMmVr,0.609,225637,0.723,7hezVPTsmm6yW3algVMmVr,0.0,1,0.229,-3.972,0,0.333,129.585,5,https://api.spotify.com/v1/tracks/7hezVPTsmm6yW3algVMmVr,audio_features,spotify:track:7hezVPTsmm6yW3algVMmVr,0.78,Wine,Cham
132,0.121,https://api.spotify.com/v1/audio-analysis/6bpM5eshfckRhe1NlRWLve,0.846,163210,0.866,6bpM5eshfckRhe1NlRWLve,1.3e-05,4,0.0803,-2.92,0,0.11,124.993,4,https://api.spotify.com/v1/tracks/6bpM5eshfckRhe1NlRWLve,audio_features,spotify:track:6bpM5eshfckRhe1NlRWLve,0.728,Party Tun Up,Mr. Vegas
133,0.0227,https://api.spotify.com/v1/audio-analysis/2GB0Gyc6Sban3XmIxJUjkj,0.795,193043,0.395,2GB0Gyc6Sban3XmIxJUjkj,0.00629,6,0.117,-9.727,1,0.104,92.014,4,https://api.spotify.com/v1/tracks/2GB0Gyc6Sban3XmIxJUjkj,audio_features,spotify:track:2GB0Gyc6Sban3XmIxJUjkj,0.706,Would You Be Mine,Gift Official
134,0.00784,https://api.spotify.com/v1/audio-analysis/1xznGGDReH1oQq0xzbwXa3,0.791,173987,0.619,1xznGGDReH1oQq0xzbwXa3,0.00423,1,0.351,-5.886,1,0.0532,103.989,4,https://api.spotify.com/v1/tracks/1xznGGDReH1oQq0xzbwXa3,audio_features,spotify:track:1xznGGDReH1oQq0xzbwXa3,0.371,One Dance,Drake
135,0.064,https://api.spotify.com/v1/audio-analysis/37dFXv0qgh89lrCK4V4O19,0.696,229461,0.536,37dFXv0qgh89lrCK4V4O19,0.00341,9,0.296,-5.842,0,0.185,188.07,4,https://api.spotify.com/v1/tracks/37dFXv0qgh89lrCK4V4O19,audio_features,spotify:track:37dFXv0qgh89lrCK4V4O19,0.857,Blá Blá,Ricky Boy
136,0.675,https://api.spotify.com/v1/audio-analysis/35BYBOuh5aa6TyJBG9N15R,0.43,206756,0.749,35BYBOuh5aa6TyJBG9N15R,0.0,4,0.114,-4.679,0,0.281,71.832,3,https://api.spotify.com/v1/tracks/35BYBOuh5aa6TyJBG9N15R,audio_features,spotify:track:35BYBOuh5aa6TyJBG9N15R,0.554,Acele,Carla's Dreams
137,0.581,https://api.spotify.com/v1/audio-analysis/0FE9t6xYkqWXU2ahLh6D8X,0.825,233713,0.652,0FE9t6xYkqWXU2ahLh6D8X,0.0,1,0.0931,-3.183,0,0.0802,95.977,4,https://api.spotify.com/v1/tracks/0FE9t6xYkqWXU2ahLh6D8X,audio_features,spotify:track:0FE9t6xYkqWXU2ahLh6D8X,0.931,Shape of You,Ed Sheeran
138,0.418,https://api.spotify.com/v1/audio-analysis/1Fg46JadAkJ9ugw7mSBUSN,0.352,272465,0.668,1Fg46JadAkJ9ugw7mSBUSN,0.0,8,0.402,-5.918,0,0.39,78.78,4,https://api.spotify.com/v1/tracks/1Fg46JadAkJ9ugw7mSBUSN,audio_features,spotify:track:1Fg46JadAkJ9ugw7mSBUSN,0.536,Swalla (feat. Nicki Minaj and Ty Dolla $ign) - After Dark Remix,Jason Derulo
139,0.179,https://api.spotify.com/v1/audio-analysis/1okhB5zKjOldHHpcNCrVy5,0.567,240309,0.922,1okhB5zKjOldHHpcNCrVy5,6.96e-06,11,0.127,-4.501,1,0.105,128.028,4,https://api.spotify.com/v1/tracks/1okhB5zKjOldHHpcNCrVy5,audio_features,spotify:track:1okhB5zKjOldHHpcNCrVy5,0.965,Aba Blabla - Remix,J Perry
140,0.0706,https://api.spotify.com/v1/audio-analysis/6KbiybZICeBYfPERtKddYG,0.834,200613,0.763,6KbiybZICeBYfPERtKddYG,0.0,10,0.0369,-5.047,0,0.154,120.975,4,https://api.spotify.com/v1/tracks/6KbiybZICeBYfPERtKddYG,audio_features,spotify:track:6KbiybZICeBYfPERtKddYG,0.843,Ma petite,Fababy
141,0.148,https://api.spotify.com/v1/audio-analysis/4ctJ9E9vKb1N5eDsOLJzJs,0.767,296000,0.802,4ctJ9E9vKb1N5eDsOLJzJs,2e-06,1,0.0867,-7.011,0,0.0773,119.963,4,https://api.spotify.com/v1/tracks/4ctJ9E9vKb1N5eDsOLJzJs,audio_features,spotify:track:4ctJ9E9vKb1N5eDsOLJzJs,0.59,Physio - Température,Fababy
142,0.209,https://api.spotify.com/v1/audio-analysis/2wcQJGnAAka9SEBYIkYX6b,0.715,224253,0.614,2wcQJGnAAka9SEBYIkYX6b,0.0,0,0.733,-8.444,0,0.144,95.004,4,https://api.spotify.com/v1/tracks/2wcQJGnAAka9SEBYIkYX6b,audio_features,spotify:track:2wcQJGnAAka9SEBYIkYX6b,0.902,This Is My Way,Lyricson
143,0.0134,https://api.spotify.com/v1/audio-analysis/7k7pJA7s9RgmW8siyBiqum,0.507,228027,0.519,7k7pJA7s9RgmW8siyBiqum,1.47e-06,11,0.219,-8.249,0,0.243,126.948,3,https://api.spotify.com/v1/tracks/7k7pJA7s9RgmW8siyBiqum,audio_features,spotify:track:7k7pJA7s9RgmW8siyBiqum,0.267,LUV,Tory Lanez
144,0.351,https://api.spotify.com/v1/audio-analysis/6y4nqlHb6WXmHkv3Pa7n3P,0.831,288131,0.669,6y4nqlHb6WXmHkv3Pa7n3P,0.0,6,0.0539,-4.219,1,0.0765,109.973,4,https://api.spotify.com/v1/tracks/6y4nqlHb6WXmHkv3Pa7n3P,audio_features,spotify:track:6y4nqlHb6WXmHkv3Pa7n3P,0.915,Adonai (Remix) [feat. Castro],Sarkodie
145,0.0852,https://api.spotify.com/v1/audio-analysis/0NtK87XUpxAnrxncVh8xzs,0.771,196653,0.816,0NtK87XUpxAnrxncVh8xzs,0.0,8,0.151,-4.028,0,0.125,120.111,4,https://api.spotify.com/v1/tracks/0NtK87XUpxAnrxncVh8xzs,audio_features,spotify:track:0NtK87XUpxAnrxncVh8xzs,0.728,Laissez-les kouma (feat. MHD),Zaho
146,0.666,https://api.spotify.com/v1/audio-analysis/5ZhYcNNdJMYUkUkFjeuWDI,0.68,218872,0.615,5ZhYcNNdJMYUkUkFjeuWDI,0.000169,1,0.153,-6.888,1,0.431,178.039,4,https://api.spotify.com/v1/tracks/5ZhYcNNdJMYUkUkFjeuWDI,audio_features,spotify:track:5ZhYcNNdJMYUkUkFjeuWDI,0.533,Cigana Linda,Badoxa
147,0.00611,https://api.spotify.com/v1/audio-analysis/5qwXl0j3T3ZjSoax00oiMe,0.78,207381,0.64,5qwXl0j3T3ZjSoax00oiMe,0.000108,0,0.34,-7.412,1,0.0493,103.033,4,https://api.spotify.com/v1/tracks/5qwXl0j3T3ZjSoax00oiMe,audio_features,spotify:track:5qwXl0j3T3ZjSoax00oiMe,0.666,Loco,Jennifer Dias
148,0.225,https://api.spotify.com/v1/audio-analysis/6sAukzDGVFKv3Z6dF3pU9X,0.569,220360,0.805,6sAukzDGVFKv3Z6dF3pU9X,1.17e-06,2,0.302,-4.947,0,0.134,180.016,4,https://api.spotify.com/v1/tracks/6sAukzDGVFKv3Z6dF3pU9X,audio_features,spotify:track:6sAukzDGVFKv3Z6dF3pU9X,0.411,Vamos Ficar por Aqui,C4 Pedro
149,0.282,https://api.spotify.com/v1/audio-analysis/3AxKlhbCVMwrDbP4laSyys,0.657,276880,0.636,3AxKlhbCVMwrDbP4laSyys,0.000154,9,0.221,-6.631,0,0.0401,94.979,4,https://api.spotify.com/v1/tracks/3AxKlhbCVMwrDbP4laSyys,audio_features,spotify:track:3AxKlhbCVMwrDbP4laSyys,0.453,Tu És a Mulher,C4 Pedro
150,0.159,https://api.spotify.com/v1/audio-analysis/03hnjC8kAVy9tmfgcB0p0y,0.529,251039,0.758,03hnjC8kAVy9tmfgcB0p0y,0.0,5,0.0388,-5.619,1,0.072,175.778,4,https://api.spotify.com/v1/tracks/03hnjC8kAVy9tmfgcB0p0y,audio_features,spotify:track:03hnjC8kAVy9tmfgcB0p0y,0.423,Love Again (feat. Sauti Sol),C4 Pedro
151,0.0789,https://api.spotify.com/v1/audio-analysis/5gM4UYTTTcVyg7KsPAbyGR,0.571,206309,0.62,5gM4UYTTTcVyg7KsPAbyGR,0.0,6,0.0773,-7.568,1,0.224,89.756,4,https://api.spotify.com/v1/tracks/5gM4UYTTTcVyg7KsPAbyGR,audio_features,spotify:track:5gM4UYTTTcVyg7KsPAbyGR,0.659,Quero Mais Love,C4 Pedro
152,0.0936,https://api.spotify.com/v1/audio-analysis/4iHanVwnK7kh72Gtf1I3ho,0.702,201389,0.831,4iHanVwnK7kh72Gtf1I3ho,0.0251,5,0.163,-5.083,0,0.187,179.8,4,https://api.spotify.com/v1/tracks/4iHanVwnK7kh72Gtf1I3ho,audio_features,spotify:track:4iHanVwnK7kh72Gtf1I3ho,0.414,Side 2 Side,Saaphy
153,0.458,https://api.spotify.com/v1/audio-analysis/56FUvV0o4FVhiKQPc6crQ7,0.842,215907,0.543,56FUvV0o4FVhiKQPc6crQ7,0.000135,4,0.102,-4.778,0,0.0483,107.048,4,https://api.spotify.com/v1/tracks/56FUvV0o4FVhiKQPc6crQ7,audio_features,spotify:track:56FUvV0o4FVhiKQPc6crQ7,0.787,Mad over You,Runtown
154,0.645,https://api.spotify.com/v1/audio-analysis/3dUGdG5qRAEAwcwuhjaJAx,0.735,167576,0.457,3dUGdG5qRAEAwcwuhjaJAx,0.000133,4,0.153,-11.01,1,0.133,105.983,4,https://api.spotify.com/v1/tracks/3dUGdG5qRAEAwcwuhjaJAx,audio_features,spotify:track:3dUGdG5qRAEAwcwuhjaJAx,0.638,Calling,Kwamz & Flava
155,0.18,https://api.spotify.com/v1/audio-analysis/0yk1KQ0zg7vmrAhvQSAQqr,0.772,185825,0.612,0yk1KQ0zg7vmrAhvQSAQqr,3.47e-06,5,0.101,-7.076,0,0.174,98.423,4,https://api.spotify.com/v1/tracks/0yk1KQ0zg7vmrAhvQSAQqr,audio_features,spotify:track:0yk1KQ0zg7vmrAhvQSAQqr,0.478,Ben' Ova,WSTRN
156,0.64,https://api.spotify.com/v1/audio-analysis/5LTbZVoDBjbuPTPTpHGYQl,0.579,145319,0.459,5LTbZVoDBjbuPTPTpHGYQl,0.00322,8,0.145,-7.857,0,0.319,130.485,5,https://api.spotify.com/v1/tracks/5LTbZVoDBjbuPTPTpHGYQl,audio_features,spotify:track:5LTbZVoDBjbuPTPTpHGYQl,0.896,#Connected,He3b
157,0.418,https://api.spotify.com/v1/audio-analysis/4aBIDFfB9zPUO4WGIkW4BX,0.473,173424,0.697,4aBIDFfB9zPUO4WGIkW4BX,0.0,9,0.352,-6.192,1,0.153,90.541,4,https://api.spotify.com/v1/tracks/4aBIDFfB9zPUO4WGIkW4BX,audio_features,spotify:track:4aBIDFfB9zPUO4WGIkW4BX,0.281,Ig Girls,Aidonia
158,0.505,https://api.spotify.com/v1/audio-analysis/0Oa58WB1979sMRN16LRWw7,0.897,208000,0.455,0Oa58WB1979sMRN16LRWw7,0.000511,8,0.0855,-11.492,0,0.104,104.998,4,https://api.spotify.com/v1/tracks/0Oa58WB1979sMRN16LRWw7,audio_features,spotify:track:0Oa58WB1979sMRN16LRWw7,0.962,Lean on Me,He3b
159,0.424,https://api.spotify.com/v1/audio-analysis/6U9jxxdQ6TNzjshIpwWMTf,0.788,182857,0.721,6U9jxxdQ6TNzjshIpwWMTf,2.86e-06,11,0.0897,-4.577,1,0.152,105.23,4,https://api.spotify.com/v1/tracks/6U9jxxdQ6TNzjshIpwWMTf,audio_features,spotify:track:6U9jxxdQ6TNzjshIpwWMTf,0.653,Ma Lo,Tiwa Savage
160,0.0683,https://api.spotify.com/v1/audio-analysis/5pueruWO2GUKVYXaXuPwai,0.781,208107,0.732,5pueruWO2GUKVYXaXuPwai,0.0,0,0.163,-5.812,0,0.252,103.139,4,https://api.spotify.com/v1/tracks/5pueruWO2GUKVYXaXuPwai,audio_features,spotify:track:5pueruWO2GUKVYXaXuPwai,0.677,Fanm fatal,Admiral T
161,0.396,https://api.spotify.com/v1/audio-analysis/4CWv8yMzaoXcVGgDq2HO6K,0.695,165853,0.88,4CWv8yMzaoXcVGgDq2HO6K,0.0,1,0.446,-3.286,1,0.213,105.15,4,https://api.spotify.com/v1/tracks/4CWv8yMzaoXcVGgDq2HO6K,audio_features,spotify:track:4CWv8yMzaoXcVGgDq2HO6K,0.66,Perle rare,Admiral T
162,0.0169,https://api.spotify.com/v1/audio-analysis/3eALIVOGUVBYR1qgKjxflP,0.677,232568,0.897,3eALIVOGUVBYR1qgKjxflP,0.0,9,0.127,-4.758,0,0.111,102.058,4,https://api.spotify.com/v1/tracks/3eALIVOGUVBYR1qgKjxflP,audio_features,spotify:track:3eALIVOGUVBYR1qgKjxflP,0.686,Bay love,Fanny J Ft. Admiral T
163,0.383,https://api.spotify.com/v1/audio-analysis/0j5iK7HdyMh2mQ8iutn6cU,0.524,188501,0.741,0j5iK7HdyMh2mQ8iutn6cU,0.0,9,0.123,-3.954,0,0.412,178.261,4,https://api.spotify.com/v1/tracks/0j5iK7HdyMh2mQ8iutn6cU,audio_features,spotify:track:0j5iK7HdyMh2mQ8iutn6cU,0.502,Independant Gyal,Kalash
164,0.0911,https://api.spotify.com/v1/audio-analysis/36r6hpwzRODHKPXh0KR8yl,0.944,194612,0.562,36r6hpwzRODHKPXh0KR8yl,8.9e-06,9,0.0829,-6.236,0,0.248,107.025,4,https://api.spotify.com/v1/tracks/36r6hpwzRODHKPXh0KR8yl,audio_features,spotify:track:36r6hpwzRODHKPXh0KR8yl,0.344,Pran pié,Kalash
165,0.126,https://api.spotify.com/v1/audio-analysis/1azqsNehKsUqVbDjSvBtET,0.511,177547,0.915,1azqsNehKsUqVbDjSvBtET,0.0,11,0.193,-2.714,0,0.322,179.646,3,https://api.spotify.com/v1/tracks/1azqsNehKsUqVbDjSvBtET,audio_features,spotify:track:1azqsNehKsUqVbDjSvBtET,0.737,Oblijé nu bun,SAÏK
166,0.0599,https://api.spotify.com/v1/audio-analysis/2xhTZkTU7jHi6gS6SRhJQA,0.561,174933,0.906,2xhTZkTU7jHi6gS6SRhJQA,0.0,10,0.295,-4.692,0,0.313,148.476,5,https://api.spotify.com/v1/tracks/2xhTZkTU7jHi6gS6SRhJQA,audio_features,spotify:track:2xhTZkTU7jHi6gS6SRhJQA,0.769,Rich é pov',SAÏK
167,0.703,https://api.spotify.com/v1/audio-analysis/7yjeewD3X6dAooYS2Vh4XT,0.401,195056,0.671,7yjeewD3X6dAooYS2Vh4XT,0.0,10,0.11,-6.727,0,0.104,183.739,4,https://api.spotify.com/v1/tracks/7yjeewD3X6dAooYS2Vh4XT,audio_features,spotify:track:7yjeewD3X6dAooYS2Vh4XT,0.433,Vai Dar Tudo Certo (feat. Joice),Lil Saint
168,0.127,https://api.spotify.com/v1/audio-analysis/3n1bactVkCjEAkFTEvx4eY,0.784,229629,0.644,3n1bactVkCjEAkFTEvx4eY,0.0081,1,0.109,-6.37,1,0.084,91.991,4,https://api.spotify.com/v1/tracks/3n1bactVkCjEAkFTEvx4eY,audio_features,spotify:track:3n1bactVkCjEAkFTEvx4eY,0.651,3d,Twenty Fingers
169,0.535,https://api.spotify.com/v1/audio-analysis/7t4VXAlAEzu2pVMeSdEoy3,0.506,194467,0.442,7t4VXAlAEzu2pVMeSdEoy3,0.00644,6,0.14,-7.885,0,0.114,89.528,4,https://api.spotify.com/v1/tracks/7t4VXAlAEzu2pVMeSdEoy3,audio_features,spotify:track:7t4VXAlAEzu2pVMeSdEoy3,0.579,Maguelar,Real'or'Beatz
170,0.202,https://api.spotify.com/v1/audio-analysis/5rIwZp2CvX4rvMrY97DH5L,0.721,238498,0.748,5rIwZp2CvX4rvMrY97DH5L,0.000462,4,0.175,-4.966,0,0.0779,179.907,4,https://api.spotify.com/v1/tracks/5rIwZp2CvX4rvMrY97DH5L,audio_features,spotify:track:5rIwZp2CvX4rvMrY97DH5L,0.708,Rebenta,Caló Pascoal
171,0.375,https://api.spotify.com/v1/audio-analysis/3HI66loqrDmQRVl9QAtQ88,0.65,245779,0.67,3HI66loqrDmQRVl9QAtQ88,3.39e-05,2,0.131,-7.185,0,0.108,184.013,4,https://api.spotify.com/v1/tracks/3HI66loqrDmQRVl9QAtQ88,audio_features,spotify:track:3HI66loqrDmQRVl9QAtQ88,0.585,Vou Ser Teu,Loony Johnson
172,0.473,https://api.spotify.com/v1/audio-analysis/5IOPlHFxJvBkleWPyUSQfd,0.699,258797,0.707,5IOPlHFxJvBkleWPyUSQfd,0.000507,5,0.112,-6.953,0,0.0415,87.987,4,https://api.spotify.com/v1/tracks/5IOPlHFxJvBkleWPyUSQfd,audio_features,spotify:track:5IOPlHFxJvBkleWPyUSQfd,0.589,Volta,Loony Johnson
173,0.0448,https://api.spotify.com/v1/audio-analysis/4KDQQFhFT0r92PVqJLXnVc,0.631,252922,0.66,4KDQQFhFT0r92PVqJLXnVc,0.000191,11,0.065,-7.054,0,0.059,179.843,4,https://api.spotify.com/v1/tracks/4KDQQFhFT0r92PVqJLXnVc,audio_features,spotify:track:4KDQQFhFT0r92PVqJLXnVc,0.775,Bo É Dod na Mi,Loony Johnson
174,0.194,https://api.spotify.com/v1/audio-analysis/2u8zpe5jkULdT0W1aBDEtw,0.503,227084,0.567,2u8zpe5jkULdT0W1aBDEtw,6.81e-05,7,0.093,-7.032,1,0.0451,64.979,4,https://api.spotify.com/v1/tracks/2u8zpe5jkULdT0W1aBDEtw,audio_features,spotify:track:2u8zpe5jkULdT0W1aBDEtw,0.102,Love You Down,JR Castro
175,0.00968,https://api.spotify.com/v1/audio-analysis/1eYj9jXnqJsmd9v2BVeGlg,0.624,369200,0.411,1eYj9jXnqJsmd9v2BVeGlg,0.0601,3,0.127,-12.855,1,0.0401,134.044,4,https://api.spotify.com/v1/tracks/1eYj9jXnqJsmd9v2BVeGlg,audio_features,spotify:track:1eYj9jXnqJsmd9v2BVeGlg,0.211,For a Lifetime - Chillout Mix,Ascesion
176,0.904,https://api.spotify.com/v1/audio-analysis/5bO33fxvcGqZp7Pw3zIQsj,0.575,210581,0.325,5bO33fxvcGqZp7Pw3zIQsj,0.926,1,0.101,-12.894,0,0.0378,155.063,4,https://api.spotify.com/v1/tracks/5bO33fxvcGqZp7Pw3zIQsj,audio_features,spotify:track:5bO33fxvcGqZp7Pw3zIQsj,0.134,Discovery,AK
177,0.732,https://api.spotify.com/v1/audio-analysis/0vZ6HxJJUzglvTcz66jNfN,0.523,297708,0.29,0vZ6HxJJUzglvTcz66jNfN,0.573,7,0.112,-12.834,1,0.025,94.033,3,https://api.spotify.com/v1/tracks/0vZ6HxJJUzglvTcz66jNfN,audio_features,spotify:track:0vZ6HxJJUzglvTcz66jNfN,0.303,Let Me Breathe My Sigh,Fismoll
178,0.144,https://api.spotify.com/v1/audio-analysis/0XIVmUXrwk0IjQEOWFnyn1,0.612,254533,0.52,0XIVmUXrwk0IjQEOWFnyn1,0.0,2,0.695,-9.665,1,0.0474,86.027,4,https://api.spotify.com/v1/tracks/0XIVmUXrwk0IjQEOWFnyn1,audio_features,spotify:track:0XIVmUXrwk0IjQEOWFnyn1,0.635,Live High,Jason Mraz
179,0.412,https://api.spotify.com/v1/audio-analysis/3yhhVI7szVLsqVKt9gg01e,0.698,289133,0.524,3yhhVI7szVLsqVKt9gg01e,0.0,11,0.0844,-7.522,1,0.051,114.922,4,https://api.spotify.com/v1/tracks/3yhhVI7szVLsqVKt9gg01e,audio_features,spotify:track:3yhhVI7szVLsqVKt9gg01e,0.31,Ride,SoMo
180,0.728,https://api.spotify.com/v1/audio-analysis/1qwWYnZmgC6TtGMvO35hWg,0.32,237810,0.393,1qwWYnZmgC6TtGMvO35hWg,0.0,4,0.341,-8.08,1,0.039,136.746,4,https://api.spotify.com/v1/tracks/1qwWYnZmgC6TtGMvO35hWg,audio_features,spotify:track:1qwWYnZmgC6TtGMvO35hWg,0.193,Breathe,Lauv
181,0.0185,https://api.spotify.com/v1/audio-analysis/1sZgEicBhVniX4kJHIp6Tq,0.582,229474,0.602,1sZgEicBhVniX4kJHIp6Tq,0.00409,1,0.0837,-5.754,1,0.0328,113.991,4,https://api.spotify.com/v1/tracks/1sZgEicBhVniX4kJHIp6Tq,audio_features,spotify:track:1sZgEicBhVniX4kJHIp6Tq,0.0481,Beretta Lake,Teflon Sega
182,0.073,https://api.spotify.com/v1/audio-analysis/2z50GlkP7GinGZauNHwD7j,0.44,259556,0.748,2z50GlkP7GinGZauNHwD7j,0.0,0,0.027,-4.074,1,0.045,135.009,4,https://api.spotify.com/v1/tracks/2z50GlkP7GinGZauNHwD7j,audio_features,spotify:track:2z50GlkP7GinGZauNHwD7j,0.236,Rush Over Me (feat. HALIENE),Seven Lions
183,0.0125,https://api.spotify.com/v1/audio-analysis/5vgHThy7DIIWvKXrKJngd4,0.639,191001,0.686,5vgHThy7DIIWvKXrKJngd4,0.000815,3,0.193,-7.09,0,0.0502,164.115,4,https://api.spotify.com/v1/tracks/5vgHThy7DIIWvKXrKJngd4,audio_features,spotify:track:5vgHThy7DIIWvKXrKJngd4,0.478,Diggy Down,INNA
184,0.648,https://api.spotify.com/v1/audio-analysis/7j16XLHBZXPcgCoYPKVqmF,0.316,242249,0.614,7j16XLHBZXPcgCoYPKVqmF,0.000206,3,0.102,-8.58,0,0.378,176.844,3,https://api.spotify.com/v1/tracks/7j16XLHBZXPcgCoYPKVqmF,audio_features,spotify:track:7j16XLHBZXPcgCoYPKVqmF,0.344,Suffer - Vince Staples & AndreaLo Remix,Charlie Puth
185,0.0663,https://api.spotify.com/v1/audio-analysis/0RXGzUrCSwRXCwcZO9ohm9,0.383,293307,0.528,0RXGzUrCSwRXCwcZO9ohm9,0.000278,5,0.108,-7.811,0,0.0924,105.944,4,https://api.spotify.com/v1/tracks/0RXGzUrCSwRXCwcZO9ohm9,audio_features,spotify:track:0RXGzUrCSwRXCwcZO9ohm9,0.0364,In For It,Tory Lanez
186,0.0118,https://api.spotify.com/v1/audio-analysis/5eG6cZTO4G5hFcnjyGR1ao,0.688,228640,0.541,5eG6cZTO4G5hFcnjyGR1ao,0.0,11,0.123,-8.128,0,0.114,95.109,4,https://api.spotify.com/v1/tracks/5eG6cZTO4G5hFcnjyGR1ao,audio_features,spotify:track:5eG6cZTO4G5hFcnjyGR1ao,0.247,LUV,Tory Lanez
187,0.544,https://api.spotify.com/v1/audio-analysis/4Lj8paMFwyKTGfILLELVxt,0.689,121739,0.311,4Lj8paMFwyKTGfILLELVxt,0.0,11,0.0841,-10.821,0,0.0783,137.958,4,https://api.spotify.com/v1/tracks/4Lj8paMFwyKTGfILLELVxt,audio_features,spotify:track:4Lj8paMFwyKTGfILLELVxt,0.417,Pony,William Singe
188,0.133,https://api.spotify.com/v1/audio-analysis/6VnbVFTK7sNkoRWmbjmW6w,0.537,185143,0.793,6VnbVFTK7sNkoRWmbjmW6w,1.54e-05,10,0.0629,-4.932,0,0.0559,140.075,4,https://api.spotify.com/v1/tracks/6VnbVFTK7sNkoRWmbjmW6w,audio_features,spotify:track:6VnbVFTK7sNkoRWmbjmW6w,0.153,Undone (feat. Sarah De Warren),Spaces
189,0.0131,https://api.spotify.com/v1/audio-analysis/5ZVujHtwnsqFJvLnqRSdch,0.7,416000,0.546,5ZVujHtwnsqFJvLnqRSdch,0.0305,5,0.172,-7.705,0,0.109,80.004,4,https://api.spotify.com/v1/tracks/5ZVujHtwnsqFJvLnqRSdch,audio_features,spotify:track:5ZVujHtwnsqFJvLnqRSdch,0.302,Bad Karma,Axel Thesleff
190,0.0511,https://api.spotify.com/v1/audio-analysis/1Pcdi0sZdRu6Ajh8mbmxid,0.671,196429,0.436,1Pcdi0sZdRu6Ajh8mbmxid,8.67e-06,1,0.14,-9.998,1,0.348,125.922,4,https://api.spotify.com/v1/tracks/1Pcdi0sZdRu6Ajh8mbmxid,audio_features,spotify:track:1Pcdi0sZdRu6Ajh8mbmxid,0.231,Afternoon Cigarette,Kristinia DeBarge
191,0.285,https://api.spotify.com/v1/audio-analysis/4B2kkxg3wKSTZw5JPaUtzQ,0.458,207069,0.696,4B2kkxg3wKSTZw5JPaUtzQ,0.0,11,0.123,-4.742,1,0.0402,174.141,4,https://api.spotify.com/v1/tracks/4B2kkxg3wKSTZw5JPaUtzQ,audio_features,spotify:track:4B2kkxg3wKSTZw5JPaUtzQ,0.418,On & On,Cartoon
192,0.0226,https://api.spotify.com/v1/audio-analysis/1SXmU1g8tXHVU3ow1HT0Sx,0.737,256560,0.739,1SXmU1g8tXHVU3ow1HT0Sx,1.47e-05,6,0.0384,-5.334,0,0.123,160.092,4,https://api.spotify.com/v1/tracks/1SXmU1g8tXHVU3ow1HT0Sx,audio_features,spotify:track:1SXmU1g8tXHVU3ow1HT0Sx,0.77,Side To Side - Phantoms Remix,Ariana Grande
193,0.075,https://api.spotify.com/v1/audio-analysis/6kex4EBAj0WHXDKZMEJaaF,0.696,216409,0.817,6kex4EBAj0WHXDKZMEJaaF,0.0,1,0.187,-3.862,1,0.109,98.064,4,https://api.spotify.com/v1/tracks/6kex4EBAj0WHXDKZMEJaaF,audio_features,spotify:track:6kex4EBAj0WHXDKZMEJaaF,0.782,Swalla (feat. Nicki Minaj & Ty Dolla $ign),Jason Derulo
194,0.0313,https://api.spotify.com/v1/audio-analysis/6q8VDoKHZhOBLTqH1eymcc,0.661,218040,0.683,6q8VDoKHZhOBLTqH1eymcc,0.0,7,0.169,-5.424,0,0.0763,186.008,4,https://api.spotify.com/v1/tracks/6q8VDoKHZhOBLTqH1eymcc,audio_features,spotify:track:6q8VDoKHZhOBLTqH1eymcc,0.29,Vuela Corazón,Dasoul
195,0.497,https://api.spotify.com/v1/audio-analysis/3jTLcaHkfW2vslbYjleKnG,0.525,228706,0.572,3jTLcaHkfW2vslbYjleKnG,7.76e-06,9,0.116,-9.005,0,0.391,170.017,4,https://api.spotify.com/v1/tracks/3jTLcaHkfW2vslbYjleKnG,audio_features,spotify:track:3jTLcaHkfW2vslbYjleKnG,0.716,Edredom,SondPlay
196,0.359,https://api.spotify.com/v1/audio-analysis/5tXCATISUjfPeRCopXuzU1,0.823,288209,0.313,5tXCATISUjfPeRCopXuzU1,0.0,2,0.0639,-11.598,0,0.154,143.979,4,https://api.spotify.com/v1/tracks/5tXCATISUjfPeRCopXuzU1,audio_features,spotify:track:5tXCATISUjfPeRCopXuzU1,0.457,Insônia,Tribo da Periferia
197,0.579,https://api.spotify.com/v1/audio-analysis/0UpoSTppZ40ldS9V3kxSjW,0.334,257358,0.518,0UpoSTppZ40ldS9V3kxSjW,0.0,9,0.0692,-11.893,0,0.0923,156.625,4,https://api.spotify.com/v1/tracks/0UpoSTppZ40ldS9V3kxSjW,audio_features,spotify:track:0UpoSTppZ40ldS9V3kxSjW,0.218,Ela Gosta de Brincar,Terra Preta
198,0.332,https://api.spotify.com/v1/audio-analysis/06MTwE6WSyNkn7D0U07i6W,0.93,226754,0.418,06MTwE6WSyNkn7D0U07i6W,3.15e-05,3,0.104,-6.976,1,0.225,134.057,4,https://api.spotify.com/v1/tracks/06MTwE6WSyNkn7D0U07i6W,audio_features,spotify:track:06MTwE6WSyNkn7D0U07i6W,0.527,O Que Tem pra Hoje,All Star Brasil
199,0.134,https://api.spotify.com/v1/audio-analysis/3SNbEPGJVxuckWAAN7cmgW,0.912,185625,0.433,3SNbEPGJVxuckWAAN7cmgW,0.0,11,0.407,-6.601,1,0.142,128.005,4,https://api.spotify.com/v1/tracks/3SNbEPGJVxuckWAAN7cmgW,audio_features,spotify:track:3SNbEPGJVxuckWAAN7cmgW,0.27,Biotipo,Lupper
200,0.0643,https://api.spotify.com/v1/audio-analysis/66aKcGTGqX0F4gTkQL51Cy,0.708,234736,0.732,66aKcGTGqX0F4gTkQL51Cy,7.07e-05,5,0.126,-6.38,0,0.101,171.957,4,https://api.spotify.com/v1/tracks/66aKcGTGqX0F4gTkQL51Cy,audio_features,spotify:track:66aKcGTGqX0F4gTkQL51Cy,0.668,Dança Sexy,Paulo Mac
201,0.62,https://api.spotify.com/v1/audio-analysis/5G6AGQlmBkF7KesKB0u5IK,0.453,204539,0.508,5G6AGQlmBkF7KesKB0u5IK,0.0,6,0.131,-10.339,0,0.0789,154.264,4,https://api.spotify.com/v1/tracks/5G6AGQlmBkF7KesKB0u5IK,audio_features,spotify:track:5G6AGQlmBkF7KesKB0u5IK,0.646,No Gueto,Terra Preta
202,0.705,https://api.spotify.com/v1/audio-analysis/5wqmst7OKupfPqOX4oiDQq,0.762,286920,0.231,5wqmst7OKupfPqOX4oiDQq,0.0142,1,0.0995,-8.677,1,0.127,73.012,4,https://api.spotify.com/v1/tracks/5wqmst7OKupfPqOX4oiDQq,audio_features,spotify:track:5wqmst7OKupfPqOX4oiDQq,0.378,Poetry: How Does It Feel?,Akua Naru
203,0.79,https://api.spotify.com/v1/audio-analysis/2Nk9K0BzzExYehbM51uh52,0.434,212520,0.359,2Nk9K0BzzExYehbM51uh52,1.67e-06,6,0.0976,-11.262,0,0.0426,131.972,4,https://api.spotify.com/v1/tracks/2Nk9K0BzzExYehbM51uh52,audio_features,spotify:track:2Nk9K0BzzExYehbM51uh52,0.226,Summertime,Angelique Kidjo
204,0.81,https://api.spotify.com/v1/audio-analysis/6eKJ8mvi6Ol8aAKjAhYeay,0.536,249704,0.189,6eKJ8mvi6Ol8aAKjAhYeay,1.43e-05,7,0.138,-16.311,0,0.0664,77.468,4,https://api.spotify.com/v1/tracks/6eKJ8mvi6Ol8aAKjAhYeay,audio_features,spotify:track:6eKJ8mvi6Ol8aAKjAhYeay,0.173,Retrograde (feat. James Blake),Domishay
205,0.28,https://api.spotify.com/v1/audio-analysis/3wWkNGiHv0BCw9VLUHEQku,0.657,171691,0.607,3wWkNGiHv0BCw9VLUHEQku,0.0,7,0.126,-10.088,1,0.151,119.905,4,https://api.spotify.com/v1/tracks/3wWkNGiHv0BCw9VLUHEQku,audio_features,spotify:track:3wWkNGiHv0BCw9VLUHEQku,0.53,Ich will dass du mich brauchst - Edit,RIN
206,0.0708,https://api.spotify.com/v1/audio-analysis/2SeENh2LRR9t2xJSfXwtUX,0.794,377600,0.385,2SeENh2LRR9t2xJSfXwtUX,1.52e-05,8,0.665,-12.81,1,0.298,119.732,4,https://api.spotify.com/v1/tracks/2SeENh2LRR9t2xJSfXwtUX,audio_features,spotify:track:2SeENh2LRR9t2xJSfXwtUX,0.675,75 and Sunny,Ryan Montbleau
207,0.93,https://api.spotify.com/v1/audio-analysis/08pCnq3MdYsbEjubAWBdCt,0.599,221379,0.125,08pCnq3MdYsbEjubAWBdCt,1.57e-06,10,0.0811,-14.472,0,0.0557,120.392,4,https://api.spotify.com/v1/tracks/08pCnq3MdYsbEjubAWBdCt,audio_features,spotify:track:08pCnq3MdYsbEjubAWBdCt,0.405,Ships in the Night,Ryan Montbleau
208,0.398,https://api.spotify.com/v1/audio-analysis/0ymhUnNSuTEdKCRYEVpWOS,0.533,201507,0.551,0ymhUnNSuTEdKCRYEVpWOS,0.489,5,0.103,-9.874,0,0.0353,180.043,4,https://api.spotify.com/v1/tracks/0ymhUnNSuTEdKCRYEVpWOS,audio_features,spotify:track:0ymhUnNSuTEdKCRYEVpWOS,0.848,Ain't No Grave,Crooked Still
209,0.814,https://api.spotify.com/v1/audio-analysis/114xcQz8sZ6fxRBTZmgmNE,0.576,195452,0.453,114xcQz8sZ6fxRBTZmgmNE,0.0,3,0.267,-4.4,1,0.0294,107.89,4,https://api.spotify.com/v1/tracks/114xcQz8sZ6fxRBTZmgmNE,audio_features,spotify:track:114xcQz8sZ6fxRBTZmgmNE,0.418,Better Half of Me,Tom Walker
210,0.295,https://api.spotify.com/v1/audio-analysis/1wyo8plJbo1BO9s8TWqZpN,0.512,154435,0.304,1wyo8plJbo1BO9s8TWqZpN,0.000622,0,0.118,-9.19,1,0.0318,126.078,5,https://api.spotify.com/v1/tracks/1wyo8plJbo1BO9s8TWqZpN,audio_features,spotify:track:1wyo8plJbo1BO9s8TWqZpN,0.172,How Long Will I Love You - Bonus Track,Ellie Goulding
211,0.933,https://api.spotify.com/v1/audio-analysis/7wVb8Gc6syf4QXbvRjqdr6,0.623,188349,0.0834,7wVb8Gc6syf4QXbvRjqdr6,0.0,7,0.11,-12.343,1,0.0382,118.099,4,https://api.spotify.com/v1/tracks/7wVb8Gc6syf4QXbvRjqdr6,audio_features,spotify:track:7wVb8Gc6syf4QXbvRjqdr6,0.214,I Will Wait - Candlelight Version,Matt Johnson
212,0.917,https://api.spotify.com/v1/audio-analysis/0xqccWockRxG3kbOzT0OVH,0.385,249728,0.113,0xqccWockRxG3kbOzT0OVH,0.0,7,0.128,-13.005,1,0.0314,93.337,4,https://api.spotify.com/v1/tracks/0xqccWockRxG3kbOzT0OVH,audio_features,spotify:track:0xqccWockRxG3kbOzT0OVH,0.269,A Thousand Years - Acoustic,Jonah Baker
213,0.298,https://api.spotify.com/v1/audio-analysis/2iXdwVdzA0KrI2Q0iZNJbX,0.871,207680,0.346,2iXdwVdzA0KrI2Q0iZNJbX,9.24e-06,5,0.108,-9.481,1,0.0522,110.049,4,https://api.spotify.com/v1/tracks/2iXdwVdzA0KrI2Q0iZNJbX,audio_features,spotify:track:2iXdwVdzA0KrI2Q0iZNJbX,0.659,Better Together,Jack Johnson
214,0.105,https://api.spotify.com/v1/audio-analysis/1OZSVl0JJ1MBzibpuhmmXb,0.425,394173,0.651,1OZSVl0JJ1MBzibpuhmmXb,0.0,10,0.138,-6.131,1,0.0287,159.363,4,https://api.spotify.com/v1/tracks/1OZSVl0JJ1MBzibpuhmmXb,audio_features,spotify:track:1OZSVl0JJ1MBzibpuhmmXb,0.366,One Day Like This,Elbow
215,0.247,https://api.spotify.com/v1/audio-analysis/6iNcyWk5iUEY7P9zeTc5hm,0.557,239987,0.553,6iNcyWk5iUEY7P9zeTc5hm,0.0,1,0.125,-7.954,1,0.0319,139.821,4,https://api.spotify.com/v1/tracks/6iNcyWk5iUEY7P9zeTc5hm,audio_features,spotify:track:6iNcyWk5iUEY7P9zeTc5hm,0.253,Amazed,Lonestar
216,0.00243,https://api.spotify.com/v1/audio-analysis/2Rczayj2tsm1Uga5uQ58Kz,0.655,178823,0.893,2Rczayj2tsm1Uga5uQ58Kz,0.00888,7,0.124,-5.127,1,0.0428,123.992,4,https://api.spotify.com/v1/tracks/2Rczayj2tsm1Uga5uQ58Kz,audio_features,spotify:track:2Rczayj2tsm1Uga5uQ58Kz,0.538,Midnight (The Hanging Tree),HOSH
217,0.00339,https://api.spotify.com/v1/audio-analysis/1b0e8KK2tIgMkT2tub9M93,0.828,159231,0.903,1b0e8KK2tIgMkT2tub9M93,0.693,6,0.256,-5.241,0,0.0935,130.007,4,https://api.spotify.com/v1/tracks/1b0e8KK2tIgMkT2tub9M93,audio_features,spotify:track:1b0e8KK2tIgMkT2tub9M93,0.96,Haven't You Heard - Fitzy's Half Charged Mix,Alan Fitzpatrick
218,0.0271,https://api.spotify.com/v1/audio-analysis/715vRxcbV6UakGuKFn84e5,0.584,243066,0.966,715vRxcbV6UakGuKFn84e5,0.933,0,0.118,-8.879,0,0.0646,125.002,4,https://api.spotify.com/v1/tracks/715vRxcbV6UakGuKFn84e5,audio_features,spotify:track:715vRxcbV6UakGuKFn84e5,0.835,Jigoo - Radio Edit,Maurice Fulton
219,0.000546,https://api.spotify.com/v1/audio-analysis/3ETQr4SECzp6mMMnubMFmV,0.508,217620,0.736,3ETQr4SECzp6mMMnubMFmV,0.447,11,0.0828,-9.396,0,0.0426,121.198,4,https://api.spotify.com/v1/tracks/3ETQr4SECzp6mMMnubMFmV,audio_features,spotify:track:3ETQr4SECzp6mMMnubMFmV,0.688,Metropolis,Dusky
220,0.138,https://api.spotify.com/v1/audio-analysis/5x8AKafLipMUs6xANfNdRL,0.597,219677,0.926,5x8AKafLipMUs6xANfNdRL,0.798,8,0.357,-8.901,1,0.0377,123.993,4,https://api.spotify.com/v1/tracks/5x8AKafLipMUs6xANfNdRL,audio_features,spotify:track:5x8AKafLipMUs6xANfNdRL,0.348,Turning Around - (Gerd Janson Remix) [Edit],Theo Kottis
221,0.03,https://api.spotify.com/v1/audio-analysis/7f6a2LWROn1HQlG97hDIg6,0.834,205000,0.792,7f6a2LWROn1HQlG97hDIg6,0.0932,4,0.0365,-5.912,0,0.0339,119.999,4,https://api.spotify.com/v1/tracks/7f6a2LWROn1HQlG97hDIg6,audio_features,spotify:track:7f6a2LWROn1HQlG97hDIg6,0.922,In My Arms,Purple Disco Machine
222,0.453,https://api.spotify.com/v1/audio-analysis/3RF7yizTDynqcKO9EmypOy,0.702,250207,0.526,3RF7yizTDynqcKO9EmypOy,0.887,7,0.111,-12.421,0,0.0393,121.001,4,https://api.spotify.com/v1/tracks/3RF7yizTDynqcKO9EmypOy,audio_features,spotify:track:3RF7yizTDynqcKO9EmypOy,0.291,Moments - Ben Böhmer & Nils Hoffmann Remix,Kidnap
223,0.946,https://api.spotify.com/v1/audio-analysis/5UtfyJb1AkClEEgtc6e4oJ,0.625,240613,0.156,5UtfyJb1AkClEEgtc6e4oJ,0.000324,8,0.111,-13.356,1,0.0348,112.43,3,https://api.spotify.com/v1/tracks/5UtfyJb1AkClEEgtc6e4oJ,audio_features,spotify:track:5UtfyJb1AkClEEgtc6e4oJ,0.451,You Got Me Thinking,Joshua Radin
224,0.356,https://api.spotify.com/v1/audio-analysis/3GJ4hzg4lrGwU51Y3VARbF,0.616,213387,0.438,3GJ4hzg4lrGwU51Y3VARbF,0.0,1,0.24,-5.968,1,0.0298,135.929,4,https://api.spotify.com/v1/tracks/3GJ4hzg4lrGwU51Y3VARbF,audio_features,spotify:track:3GJ4hzg4lrGwU51Y3VARbF,0.386,Speechless,Dan + Shay
225,0.902,https://api.spotify.com/v1/audio-analysis/0uIPTKuwFh4ZJ6V3FsX6a1,0.322,214598,0.226,0uIPTKuwFh4ZJ6V3FsX6a1,0.144,0,0.108,-14.243,1,0.0323,169.567,4,https://api.spotify.com/v1/tracks/0uIPTKuwFh4ZJ6V3FsX6a1,audio_features,spotify:track:0uIPTKuwFh4ZJ6V3FsX6a1,0.212,Hold My Name,Ocie Elliott
226,0.879,https://api.spotify.com/v1/audio-analysis/02ecCJ4kRg3nikEeC9fbql,0.443,178915,0.108,02ecCJ4kRg3nikEeC9fbql,0.0,7,0.201,-14.752,1,0.0372,115.429,4,https://api.spotify.com/v1/tracks/02ecCJ4kRg3nikEeC9fbql,audio_features,spotify:track:02ecCJ4kRg3nikEeC9fbql,0.278,Love Doesn't Fade,Aisha Badru
227,0.83,https://api.spotify.com/v1/audio-analysis/31uyXS7gTpaZzUW0vuq5sy,0.589,226926,0.221,31uyXS7gTpaZzUW0vuq5sy,5.22e-06,10,0.137,-13.368,1,0.0332,136.895,4,https://api.spotify.com/v1/tracks/31uyXS7gTpaZzUW0vuq5sy,audio_features,spotify:track:31uyXS7gTpaZzUW0vuq5sy,0.125,The Sea (feat. Jon Bryant),Lily Kershaw
228,0.0237,https://api.spotify.com/v1/audio-analysis/1M4qEo4HE3PRaCOM7EXNJq,0.676,207133,0.771,1M4qEo4HE3PRaCOM7EXNJq,7e-06,8,0.102,-3.675,1,0.0483,99.048,4,https://api.spotify.com/v1/tracks/1M4qEo4HE3PRaCOM7EXNJq,audio_features,spotify:track:1M4qEo4HE3PRaCOM7EXNJq,0.569,Adore You,Harry Styles
229,0.754,https://api.spotify.com/v1/audio-analysis/6TYlDTa9AQDvjqwbxlvFyI,0.372,237427,0.355,6TYlDTa9AQDvjqwbxlvFyI,0.0,8,0.167,-8.436,0,0.03,126.705,4,https://api.spotify.com/v1/tracks/6TYlDTa9AQDvjqwbxlvFyI,audio_features,spotify:track:6TYlDTa9AQDvjqwbxlvFyI,0.142,Conversations in the Dark,John Legend
230,0.153,https://api.spotify.com/v1/audio-analysis/2wrJq5XKLnmhRXHIAf9xBa,0.654,167693,0.63,2wrJq5XKLnmhRXHIAf9xBa,0.0,10,0.111,-4.644,1,0.0259,89.991,4,https://api.spotify.com/v1/tracks/2wrJq5XKLnmhRXHIAf9xBa,audio_features,spotify:track:2wrJq5XKLnmhRXHIAf9xBa,0.43,"10,000 Hours (with Justin Bieber)",Dan + Shay
231,0.492,https://api.spotify.com/v1/audio-analysis/0bzbvANY6oETSJLc0wlVGY,0.359,221307,0.543,0bzbvANY6oETSJLc0wlVGY,1.58e-05,7,0.118,-7.582,1,0.0919,68.534,4,https://api.spotify.com/v1/tracks/0bzbvANY6oETSJLc0wlVGY,audio_features,spotify:track:0bzbvANY6oETSJLc0wlVGY,0.453,Lover,Taylor Swift
232,0.0575,https://api.spotify.com/v1/audio-analysis/1iWHabUgUuuKLBa0TzTHfk,0.302,242956,0.414,1iWHabUgUuuKLBa0TzTHfk,0.0,2,0.0861,-8.16,1,0.0319,110.508,4,https://api.spotify.com/v1/tracks/1iWHabUgUuuKLBa0TzTHfk,audio_features,spotify:track:1iWHabUgUuuKLBa0TzTHfk,0.105,"A Whole New World (End Title) - From ""Aladdin""",ZAYN
233,0.866,https://api.spotify.com/v1/audio-analysis/2kJwzbxV2ppxnQoYw4GLBZ,0.464,208687,0.473,2kJwzbxV2ppxnQoYw4GLBZ,0.0,1,0.109,-10.086,1,0.129,75.801,4,https://api.spotify.com/v1/tracks/2kJwzbxV2ppxnQoYw4GLBZ,audio_features,spotify:track:2kJwzbxV2ppxnQoYw4GLBZ,0.604,If The World Was Ending (feat. Julia Michaels),JP Saxe
234,0.823,https://api.spotify.com/v1/audio-analysis/15xWRPHQMeqgdkGzInx3PY,0.296,212720,0.351,15xWRPHQMeqgdkGzInx3PY,1.5e-06,6,0.11,-9.538,1,0.0351,177.596,3,https://api.spotify.com/v1/tracks/15xWRPHQMeqgdkGzInx3PY,audio_features,spotify:track:15xWRPHQMeqgdkGzInx3PY,0.19,Falling Like The Stars,James Arthur
235,0.3,https://api.spotify.com/v1/audio-analysis/0QB71BDzh36guAExsTIgNO,0.545,249173,0.485,0QB71BDzh36guAExsTIgNO,0.00137,8,0.119,-9.941,1,0.151,80.401,4,https://api.spotify.com/v1/tracks/0QB71BDzh36guAExsTIgNO,audio_features,spotify:track:0QB71BDzh36guAExsTIgNO,0.341,Only Love,Ben Howard
236,0.915,https://api.spotify.com/v1/audio-analysis/5OiaAaIMYlCZONyDBxqk4G,0.468,188800,0.201,5OiaAaIMYlCZONyDBxqk4G,8.28e-05,4,0.0952,-17.024,1,0.0388,94.422,4,https://api.spotify.com/v1/tracks/5OiaAaIMYlCZONyDBxqk4G,audio_features,spotify:track:5OiaAaIMYlCZONyDBxqk4G,0.383,First Day Of My Life,Bright Eyes
237,0.974,https://api.spotify.com/v1/audio-analysis/7BzhqmRj3iOZXqMHqiifHr,0.552,160240,0.15,7BzhqmRj3iOZXqMHqiifHr,0.731,3,0.0698,-16.746,1,0.0347,87.485,4,https://api.spotify.com/v1/tracks/7BzhqmRj3iOZXqMHqiifHr,audio_features,spotify:track:7BzhqmRj3iOZXqMHqiifHr,0.316,Heartbeats,José González
238,0.679,https://api.spotify.com/v1/audio-analysis/6EIVLz5xM1xE29r0OmIkWt,0.34,244133,0.209,6EIVLz5xM1xE29r0OmIkWt,0.000443,0,0.101,-11.869,1,0.0279,137.042,4,https://api.spotify.com/v1/tracks/6EIVLz5xM1xE29r0OmIkWt,audio_features,spotify:track:6EIVLz5xM1xE29r0OmIkWt,0.151,Falling Slowly,Glen Hansard
239,0.882,https://api.spotify.com/v1/audio-analysis/41yIvlFgvGwxq8qTqAR7eG,0.592,210080,0.416,41yIvlFgvGwxq8qTqAR7eG,0.000586,1,0.112,-9.794,1,0.0246,96.002,4,https://api.spotify.com/v1/tracks/41yIvlFgvGwxq8qTqAR7eG,audio_features,spotify:track:41yIvlFgvGwxq8qTqAR7eG,0.417,Bloom - Bonus Track,The Paper Kites
240,0.217,https://api.spotify.com/v1/audio-analysis/2NcSqlUqMBbqjjKQvJuoOm,0.693,193466,0.672,2NcSqlUqMBbqjjKQvJuoOm,1.2e-06,2,0.125,-5.325,1,0.0435,118.015,4,https://api.spotify.com/v1/tracks/2NcSqlUqMBbqjjKQvJuoOm,audio_features,spotify:track:2NcSqlUqMBbqjjKQvJuoOm,0.646,Forever,Billy Raffoul
241,0.239,https://api.spotify.com/v1/audio-analysis/7Fg342AJtNsIDdwCfX0paC,0.46,185703,0.567,7Fg342AJtNsIDdwCfX0paC,6.04e-06,9,0.0934,-5.637,1,0.0515,168.419,4,https://api.spotify.com/v1/tracks/7Fg342AJtNsIDdwCfX0paC,audio_features,spotify:track:7Fg342AJtNsIDdwCfX0paC,0.189,Let Me,ZAYN
242,0.083,https://api.spotify.com/v1/audio-analysis/0S5EEpFAHcT7cm5XOASc29,0.634,235400,0.87,0S5EEpFAHcT7cm5XOASc29,0.0,5,0.18,-5.277,1,0.0362,116.967,4,https://api.spotify.com/v1/tracks/0S5EEpFAHcT7cm5XOASc29,audio_features,spotify:track:0S5EEpFAHcT7cm5XOASc29,0.514,Love Never Felt So Good,Michael Jackson
243,0.117,https://api.spotify.com/v1/audio-analysis/7noS1nrFSq0fIi5sXRO4a5,0.647,264933,0.722,7noS1nrFSq0fIi5sXRO4a5,0.00043,4,0.0675,-9.857,1,0.0461,114.532,4,https://api.spotify.com/v1/tracks/7noS1nrFSq0fIi5sXRO4a5,audio_features,spotify:track:7noS1nrFSq0fIi5sXRO4a5,0.755,In the Stone - Edit,"Earth, Wind & Fire"
244,0.207,https://api.spotify.com/v1/audio-analysis/2tUBqZG2AbRi7Q0BIrVrEj,0.709,291293,0.824,2tUBqZG2AbRi7Q0BIrVrEj,0.000307,1,0.0888,-8.824,1,0.0453,118.814,4,https://api.spotify.com/v1/tracks/2tUBqZG2AbRi7Q0BIrVrEj,audio_features,spotify:track:2tUBqZG2AbRi7Q0BIrVrEj,0.867,I Wanna Dance with Somebody (Who Loves Me),Whitney Houston
245,0.0534,https://api.spotify.com/v1/audio-analysis/5k38wzpLb15YgncyWdTZE4,0.589,268867,0.731,5k38wzpLb15YgncyWdTZE4,0.0,2,0.308,-6.343,1,0.0868,87.908,4,https://api.spotify.com/v1/tracks/5k38wzpLb15YgncyWdTZE4,audio_features,spotify:track:5k38wzpLb15YgncyWdTZE4,0.191,Him & I (with Halsey),G-Eazy
246,0.229,https://api.spotify.com/v1/audio-analysis/1Omt5bfz1tZUCqd26HxbS0,0.58,240600,0.687,1Omt5bfz1tZUCqd26HxbS0,0.0,6,0.109,-5.4,1,0.106,76.014,4,https://api.spotify.com/v1/tracks/1Omt5bfz1tZUCqd26HxbS0,audio_features,spotify:track:1Omt5bfz1tZUCqd26HxbS0,0.187,Beyond,Leon Bridges
247,0.309,https://api.spotify.com/v1/audio-analysis/6z5Yh7kOKeLjqIsNdokIpU,0.421,285120,0.407,6z5Yh7kOKeLjqIsNdokIpU,0.000961,10,0.11,-7.445,1,0.0267,139.028,3,https://api.spotify.com/v1/tracks/6z5Yh7kOKeLjqIsNdokIpU,audio_features,spotify:track:6z5Yh7kOKeLjqIsNdokIpU,0.161,A Thousand Years,Christina Perri
248,0.989,https://api.spotify.com/v1/audio-analysis/4eYaDRhiL5iesFp2EuoODr,0.23,275973,0.217,4eYaDRhiL5iesFp2EuoODr,0.892,10,0.0844,-13.464,1,0.0386,157.084,3,https://api.spotify.com/v1/tracks/4eYaDRhiL5iesFp2EuoODr,audio_features,spotify:track:4eYaDRhiL5iesFp2EuoODr,0.156,A Thousand Years,The Piano Guys
249,0.654,https://api.spotify.com/v1/audio-analysis/0My8NPmENHrN5W7OfgZnZJ,0.43,232520,0.587,0My8NPmENHrN5W7OfgZnZJ,8.83e-05,9,0.158,-8.003,1,0.0348,156.006,4,https://api.spotify.com/v1/tracks/0My8NPmENHrN5W7OfgZnZJ,audio_features,spotify:track:0My8NPmENHrN5W7OfgZnZJ,0.332,The One,Kodaline
250,0.163,https://api.spotify.com/v1/audio-analysis/0tgVpDi06FyKpA1z0VMD4v,0.599,263400,0.448,0tgVpDi06FyKpA1z0VMD4v,0.0,8,0.106,-6.312,1,0.0232,95.05,3,https://api.spotify.com/v1/tracks/0tgVpDi06FyKpA1z0VMD4v,audio_features,spotify:track:0tgVpDi06FyKpA1z0VMD4v,0.168,Perfect,Ed Sheeran
251,0.356,https://api.spotify.com/v1/audio-analysis/0AdjJ2SaOeb5bPJ67nDbsW,0.524,254293,0.586,0AdjJ2SaOeb5bPJ67nDbsW,0.0,9,0.121,-5.431,1,0.0262,101.214,4,https://api.spotify.com/v1/tracks/0AdjJ2SaOeb5bPJ67nDbsW,audio_features,spotify:track:0AdjJ2SaOeb5bPJ67nDbsW,0.285,From the Ground Up - Single Version,Dan + Shay
252,0.695,https://api.spotify.com/v1/audio-analysis/5uCax9HTNlzGybIStD3vDh,0.358,211467,0.557,5uCax9HTNlzGybIStD3vDh,0.0,10,0.0902,-7.398,1,0.059,85.043,4,https://api.spotify.com/v1/tracks/5uCax9HTNlzGybIStD3vDh,audio_features,spotify:track:5uCax9HTNlzGybIStD3vDh,0.494,Say You Won't Let Go,James Arthur
253,0.474,https://api.spotify.com/v1/audio-analysis/34gCuhDGsG4bRPIf9bb02f,0.781,281560,0.445,34gCuhDGsG4bRPIf9bb02f,0.0,2,0.184,-6.061,1,0.0295,78.998,4,https://api.spotify.com/v1/tracks/34gCuhDGsG4bRPIf9bb02f,audio_features,spotify:track:34gCuhDGsG4bRPIf9bb02f,0.591,Thinking out Loud,Ed Sheeran
254,0.941,https://api.spotify.com/v1/audio-analysis/44AyOl4qVkzS48vBsbNXaC,0.396,182360,0.293,44AyOl4qVkzS48vBsbNXaC,0.000196,2,0.105,-14.062,1,0.0275,100.307,3,https://api.spotify.com/v1/tracks/44AyOl4qVkzS48vBsbNXaC,audio_features,spotify:track:44AyOl4qVkzS48vBsbNXaC,0.343,Can't Help Falling in Love,Elvis Presley
255,0.386,https://api.spotify.com/v1/audio-analysis/10M2Ex445zw585Ducldzkw,0.607,224853,0.536,10M2Ex445zw585Ducldzkw,0.0,10,0.102,-7.306,1,0.0305,147.986,4,https://api.spotify.com/v1/tracks/10M2Ex445zw585Ducldzkw,audio_features,spotify:track:10M2Ex445zw585Ducldzkw,0.434,In Case You Didn't Know,Brett Young
256,0.922,https://api.spotify.com/v1/audio-analysis/3U4isOIWM3VvDubwSI3y7a,0.422,269560,0.264,3U4isOIWM3VvDubwSI3y7a,0.0,8,0.132,-7.064,1,0.0322,119.93,4,https://api.spotify.com/v1/tracks/3U4isOIWM3VvDubwSI3y7a,audio_features,spotify:track:3U4isOIWM3VvDubwSI3y7a,0.331,All of Me,John Legend
257,0.181,https://api.spotify.com/v1/audio-analysis/0aM7NANRTJr72yPivhINL8,0.743,204000,0.558,0aM7NANRTJr72yPivhINL8,0.0,6,0.101,-9.516,0,0.301,98.954,4,https://api.spotify.com/v1/tracks/0aM7NANRTJr72yPivhINL8,audio_features,spotify:track:0aM7NANRTJr72yPivhINL8,0.541,Fuckability,Vybz Kartel
258,0.281,https://api.spotify.com/v1/audio-analysis/59tcU3X2PbjeWx5YjXkgYs,0.752,182400,0.653,59tcU3X2PbjeWx5YjXkgYs,0.000564,7,0.112,-5.087,0,0.0622,100.089,4,https://api.spotify.com/v1/tracks/59tcU3X2PbjeWx5YjXkgYs,audio_features,spotify:track:59tcU3X2PbjeWx5YjXkgYs,0.167,Red Bull (feat. Coralee),Sugar Bear
259,0.0466,https://api.spotify.com/v1/audio-analysis/0PtDNK2Q49fAM4ZbKtN0mz,0.503,181817,0.675,0PtDNK2Q49fAM4ZbKtN0mz,0.0,10,0.147,-6.782,0,0.254,99.284,4,https://api.spotify.com/v1/tracks/0PtDNK2Q49fAM4ZbKtN0mz,audio_features,spotify:track:0PtDNK2Q49fAM4ZbKtN0mz,0.645,Rapture,Koffee
260,0.126,https://api.spotify.com/v1/audio-analysis/5Tuep0cDZI1D54Il9MJdoB,0.618,185733,0.622,5Tuep0cDZI1D54Il9MJdoB,0.0,11,0.532,-7.05,0,0.312,114.017,5,https://api.spotify.com/v1/tracks/5Tuep0cDZI1D54Il9MJdoB,audio_features,spotify:track:5Tuep0cDZI1D54Il9MJdoB,0.312,Trust,Buju Banton
261,0.00738,https://api.spotify.com/v1/audio-analysis/0cBmGSxx10VS6FEHpLXXUT,0.877,126077,0.74,0cBmGSxx10VS6FEHpLXXUT,7.47e-06,11,0.0409,-4.182,0,0.149,105.021,4,https://api.spotify.com/v1/tracks/0cBmGSxx10VS6FEHpLXXUT,audio_features,spotify:track:0cBmGSxx10VS6FEHpLXXUT,0.522,I See You,Rayvon
262,0.157,https://api.spotify.com/v1/audio-analysis/1YIjmHa77tPpMvPNfKsMDu,0.855,128990,0.766,1YIjmHa77tPpMvPNfKsMDu,0.0,11,0.228,-3.664,1,0.105,107.9,4,https://api.spotify.com/v1/tracks/1YIjmHa77tPpMvPNfKsMDu,audio_features,spotify:track:1YIjmHa77tPpMvPNfKsMDu,0.795,Dweet (Genna Bounce) [feat. Bravo],DING DONG
263,0.353,https://api.spotify.com/v1/audio-analysis/6DzPbk5omd04LGd7jq4pcj,0.598,232150,0.689,6DzPbk5omd04LGd7jq4pcj,0.0,8,0.155,-5.377,0,0.371,112.152,5,https://api.spotify.com/v1/tracks/6DzPbk5omd04LGd7jq4pcj,audio_features,spotify:track:6DzPbk5omd04LGd7jq4pcj,0.454,Long Time,ZJ Liquid
264,0.0283,https://api.spotify.com/v1/audio-analysis/6T8cJz5lAqGer9GUHGyelE,0.755,198960,0.448,6T8cJz5lAqGer9GUHGyelE,3.28e-05,7,0.514,-9.587,1,0.107,77.179,4,https://api.spotify.com/v1/tracks/6T8cJz5lAqGer9GUHGyelE,audio_features,spotify:track:6T8cJz5lAqGer9GUHGyelE,0.318,God's Plan,Drake
265,0.546,https://api.spotify.com/v1/audio-analysis/3swc6WTsr7rl9DqQKQA55C,0.75,221440,0.56,3swc6WTsr7rl9DqQKQA55C,0.0,8,0.111,-8.094,1,0.105,140.06,4,https://api.spotify.com/v1/tracks/3swc6WTsr7rl9DqQKQA55C,audio_features,spotify:track:3swc6WTsr7rl9DqQKQA55C,0.459,Psycho (feat. Ty Dolla $ign),Post Malone
266,0.137,https://api.spotify.com/v1/audio-analysis/7DoN0sCGIT9IcLrtBDm4f0,0.648,181812,0.667,7DoN0sCGIT9IcLrtBDm4f0,2.1e-05,2,0.0797,-5.294,0,0.065,102.966,4,https://api.spotify.com/v1/tracks/7DoN0sCGIT9IcLrtBDm4f0,audio_features,spotify:track:7DoN0sCGIT9IcLrtBDm4f0,0.217,Lonely Together (feat. Rita Ora),Avicii
267,0.00107,https://api.spotify.com/v1/audio-analysis/67awxiNHNyjMXhVgsHuIrs,0.818,213733,0.799,67awxiNHNyjMXhVgsHuIrs,0.128,1,0.057,-4.1,0,0.156,100.014,4,https://api.spotify.com/v1/tracks/67awxiNHNyjMXhVgsHuIrs,audio_features,spotify:track:67awxiNHNyjMXhVgsHuIrs,0.0815,Turn Down for What,DJ Snake
268,0.0123,https://api.spotify.com/v1/audio-analysis/6JV2JOEocMgcZxYSZelKcc,0.667,236002,0.83,6JV2JOEocMgcZxYSZelKcc,0.0,0,0.191,-5.715,1,0.0749,113.03,4,https://api.spotify.com/v1/tracks/6JV2JOEocMgcZxYSZelKcc,audio_features,spotify:track:6JV2JOEocMgcZxYSZelKcc,0.701,"CAN'T STOP THE FEELING! (Original Song from DreamWorks Animation's ""TROLLS"")",Justin Timberlake
269,0.00777,https://api.spotify.com/v1/audio-analysis/4wkQmYpAaMe41Rc3sYZ7Vz,0.71,232800,0.882,4wkQmYpAaMe41Rc3sYZ7Vz,0.00771,4,0.294,-2.932,0,0.0595,128.016,4,https://api.spotify.com/v1/tracks/4wkQmYpAaMe41Rc3sYZ7Vz,audio_features,spotify:track:4wkQmYpAaMe41Rc3sYZ7Vz,0.875,Let's Go (feat. Ne-Yo),Calvin Harris
270,0.0064,https://api.spotify.com/v1/audio-analysis/1T7Htpf1kEvU9Adf8J0ekk,0.687,214840,0.702,1T7Htpf1kEvU9Adf8J0ekk,4.35e-05,7,0.204,-5.324,0,0.0455,129.956,4,https://api.spotify.com/v1/tracks/1T7Htpf1kEvU9Adf8J0ekk,audio_features,spotify:track:1T7Htpf1kEvU9Adf8J0ekk,0.284,Break Free,Ariana Grande
271,0.3,https://api.spotify.com/v1/audio-analysis/17Syv0SV6ThWwgZM3umr1E,0.604,234320,0.34,17Syv0SV6ThWwgZM3umr1E,2.5e-05,0,0.0896,-9.571,0,0.0619,127.992,4,https://api.spotify.com/v1/tracks/17Syv0SV6ThWwgZM3umr1E,audio_features,spotify:track:17Syv0SV6ThWwgZM3umr1E,0.36,Fever,Michael Bublé
